t,32311
0.50,99.9
1.00,97.9
1.50,101.9
2.00,99.9
2.50,99.9
3.00,99.9
3.50,99.9
4.00,99.9
4.50,99.9
5.00,97.9
5.50,99.9
6.01,101.9
6.51,99.9
7.01,97.9
7.51,101.9
8.01,99.9
8.51,99.9
9.01,99.9
9.51,99.9
10.01,97.9
10.51,99.9
11.01,99.9
11.51,99.9
12.01,99.9
12.51,99.9
13.01,99.9
13.51,99.9
14.01,99.9
14.51,99.9
15.01,99.9
15.51,99.9
16.01,99.9
16.51,97.9
17.01,101.9
17.51,97.9
18.01,101.9
18.51,99.9
19.01,97.9
19.52,101.9
20.02,99.9
20.52,99.9
21.02,99.9
21.52,99.9
22.02,97.9
22.52,99.9
23.02,101.9
23.52,97.9
24.02,101.9
24.52,97.9
25.02,99.9
25.52,99.9
26.02,99.9
26.52,99.9
27.02,99.9
27.52,99.9
28.02,99.9
28.52,99.9
29.02,99.9
29.52,99.9
30.02,99.9
30.52,99.9
31.02,99.9
31.52,99.9
32.02,97.9
32.52,101.9
33.02,97.9
33.52,99.9
34.03,101.9
34.53,97.9
35.03,99.9
35.53,99.9
36.03,99.9
36.53,101.9
37.03,97.9
37.53,99.9
38.03,99.9
38.53,99.9
39.03,99.9
39.53,99.9
40.03,97.9
40.53,101.9
41.03,99.9
41.53,99.9
42.03,99.9
42.53,99.9
43.03,99.9
43.53,97.9
44.03,99.9
44.53,99.9
45.03,99.9
45.53,99.9
46.03,99.9
46.53,99.9
47.03,101.9
47.53,99.9
48.03,97.9
48.53,101.9
49.04,97.9
49.54,101.9
50.04,97.9
50.54,99.9
51.04,99.9
51.54,99.9
52.04,99.9
52.54,99.9
53.04,99.9
53.54,99.9
54.04,97.9
54.54,99.9
55.04,101.9
55.54,99.9
56.04,99.9
56.54,99.9
57.04,99.9
57.54,99.9
58.04,99.9
58.54,99.9
59.04,97.9
59.54,99.9
60.04,101.9
60.54,99.9
61.04,97.9
61.54,101.9
62.04,97.9
62.54,99.9
63.04,99.9
63.55,99.9
64.05,99.9
64.55,99.9
65.05,99.9
65.55,101.9
66.05,97.9
66.55,99.9
67.05,99.9
67.55,99.9
68.05,99.9
68.55,97.9
69.05,101.9
69.55,97.9
70.05,101.9
70.55,99.9
71.05,97.9
71.55,101.9
72.05,97.9
72.55,99.9
73.05,99.9
73.55,99.9
74.05,101.9
74.55,97.9
75.05,99.9
75.55,99.9
76.05,99.9
76.55,101.9
77.05,97.9
77.55,99.9
78.06,99.9
78.56,99.9
79.06,97.9
79.56,101.9
80.06,99.9
80.56,99.9
81.06,99.9
81.56,99.9
82.06,99.9
82.56,99.9
83.06,97.9
83.56,101.9
84.06,99.9
84.56,97.9
85.06,101.9
85.56,97.9
86.06,99.9
86.56,99.9
87.06,99.9
87.56,101.9
88.06,99.9
88.56,97.9
89.06,99.9
89.56,99.9
90.06,99.9
90.56,99.9
91.06,99.9
91.56,99.9
92.07,99.9
92.57,97.9
93.07,101.9
93.57,99.9
94.07,99.9
94.57,97.9
95.07,101.9
95.57,97.9
96.07,101.9
96.57,97.9
97.07,99.9
97.57,99.9
98.07,101.9
98.57,97.9
99.07,99.9
99.57,99.9
100.07,99.9
100.57,101.9
