t,28732
0.50,87.9
1.00,91.9
1.50,87.9
2.00,87.9
2.50,89.9
3.00,85.9
3.50,87.9
4.00,87.9
4.50,83.9
5.00,83.9
5.51,85.9
6.01,81.9
6.51,85.9
7.01,81.9
7.51,89.9
8.01,89.9
8.51,87.9
9.01,87.9
9.51,89.9
10.01,85.9
10.51,72.0
11.01,81.9
11.51,83.9
12.01,83.9
12.51,87.9
13.01,83.9
13.51,89.9
14.01,83.9
14.51,87.9
15.01,89.9
15.51,86.0
16.01,85.9
16.51,89.9
17.01,85.9
17.51,91.9
18.01,87.9
18.52,89.9
19.02,87.9
19.52,87.9
20.02,87.9
20.52,71.9
21.02,91.9
21.52,89.9
22.02,89.9
22.52,87.9
23.02,89.9
23.52,91.9
24.02,91.9
24.52,89.9
25.02,91.9
25.52,87.9
26.02,89.9
26.52,85.9
27.02,85.9
27.52,85.9
28.02,87.9
28.52,85.9
29.02,87.9
29.52,89.9
30.02,85.9
30.53,69.9
31.03,85.9
31.53,89.9
32.03,83.9
32.53,87.9
33.03,89.9
33.53,89.9
34.03,85.9
34.53,87.9
35.03,85.9
35.53,83.9
36.03,83.9
36.53,85.9
37.03,89.9
37.53,87.9
38.03,87.9
38.53,85.9
39.03,83.9
39.53,87.9
40.03,89.9
40.53,69.9
41.03,85.9
41.53,83.9
42.04,85.9
42.54,87.9
43.04,87.9
43.54,85.9
44.04,85.9
44.54,87.9
45.04,85.9
45.54,87.9
46.04,85.9
46.54,91.9
47.04,82.0
47.54,85.9
48.04,85.9
48.54,87.9
49.04,81.9
49.54,89.9
50.04,93.9
50.54,69.9
51.04,81.9
51.54,81.9
52.04,87.9
52.54,84.0
53.04,87.9
53.54,87.9
54.04,89.9
54.54,87.9
55.04,90.0
55.55,91.9
56.05,89.9
56.55,95.9
57.05,89.9
57.55,87.9
58.05,95.9
58.55,87.9
59.05,91.9
59.55,89.9
60.05,87.9
60.55,77.9
61.05,77.9
61.55,87.9
62.05,87.9
62.55,87.9
63.05,83.9
63.55,89.9
64.05,87.9
64.55,85.9
65.05,83.9
65.55,87.9
66.05,85.9
66.55,87.9
67.05,85.9
67.55,85.9
68.05,82.0
68.56,87.9
69.06,83.9
69.56,89.9
70.06,87.9
70.56,87.9
71.06,70.0
71.56,89.9
72.06,85.9
72.56,85.9
73.06,87.9
73.56,85.9
74.06,89.9
74.56,85.9
75.06,85.9
75.56,81.9
76.06,87.9
76.56,91.9
77.06,91.9
77.56,89.9
78.06,89.9
78.56,85.9
79.06,89.9
79.56,85.9
80.06,87.9
80.56,87.9
81.06,67.9
81.57,87.9
82.07,91.9
82.57,91.9
83.07,87.9
83.57,89.9
84.07,89.9
84.57,91.9
85.07,91.9
85.57,90.0
86.07,87.9
86.57,87.9
87.07,89.9
87.57,89.9
88.07,87.9
88.57,89.9
89.07,89.9
89.57,87.9
90.07,91.9
90.57,87.9
91.07,71.9
91.57,83.9
92.07,83.9
92.57,85.9
93.07,85.9
93.57,83.9
94.07,85.9
94.58,85.9
95.08,87.9
95.58,87.9
96.08,83.9
96.58,89.9
97.08,87.9
97.58,89.9
98.08,85.9
98.58,87.9
99.08,85.9
99.58,83.9
100.08,89.9
100.58,89.9
