t,24884
0.50,147.8
1.00,149.9
1.50,147.9
2.00,145.9
2.50,145.9
3.00,143.9
3.50,149.9
4.00,143.9
4.50,145.9
5.00,145.9
5.50,147.9
6.01,143.9
6.51,149.9
7.01,147.9
7.51,145.9
8.01,147.9
8.51,147.8
9.01,147.9
9.51,147.9
10.01,147.9
10.51,119.9
11.01,147.9
11.51,149.9
12.01,147.9
12.51,145.9
13.01,147.9
13.51,149.8
14.01,147.9
14.51,145.9
15.01,149.9
15.51,147.9
16.01,147.9
16.51,147.9
17.01,147.9
17.51,145.9
18.02,145.9
18.52,149.9
19.02,145.9
19.52,147.9
20.02,145.9
20.52,117.9
21.02,145.8
21.52,147.9
22.02,147.9
22.52,145.9
23.02,149.8
23.52,145.9
24.02,147.9
24.52,149.9
25.02,145.9
25.52,145.9
26.02,149.9
26.52,145.9
27.02,147.9
27.52,147.9
28.02,147.9
28.52,147.9
29.02,147.9
29.52,149.9
30.02,147.9
30.52,117.9
31.03,147.9
31.53,145.9
32.03,145.9
32.53,147.9
33.03,147.9
33.53,145.9
34.03,147.9
34.53,145.9
35.03,147.9
35.53,147.9
36.03,147.9
36.53,147.9
37.03,147.9
37.53,147.9
38.03,145.9
38.53,147.9
39.03,147.9
39.53,147.9
40.03,147.9
40.53,119.9
41.03,143.9
41.53,147.9
42.03,149.9
42.53,147.9
43.03,147.9
43.53,147.9
44.03,145.9
44.54,147.9
45.04,149.9
45.54,147.9
46.04,147.9
46.54,145.8
47.04,147.9
47.54,147.9
48.04,147.9
48.54,147.9
49.04,145.9
49.54,147.9
50.04,147.9
50.54,117.9
51.04,147.9
51.54,147.9
52.04,149.9
52.54,145.9
53.04,147.9
53.54,147.9
54.04,149.9
54.54,145.9
55.04,147.8
55.54,145.9
56.04,147.9
56.54,147.9
57.05,147.9
57.55,147.9
58.05,147.8
58.55,147.9
59.05,147.9
59.55,147.9
60.05,145.9
60.55,133.9
61.05,129.9
61.55,149.8
62.05,149.9
62.55,149.8
63.05,149.9
63.55,149.8
64.05,149.9
64.55,151.8
65.05,149.9
65.55,147.9
66.05,149.9
66.55,151.9
67.05,149.8
67.55,149.9
68.06,149.8
68.56,147.8
69.06,147.8
69.56,147.9
70.06,145.9
70.56,149.9
71.06,115.9
71.56,147.9
72.06,145.9
72.56,147.9
73.06,143.9
73.56,147.9
74.06,145.9
74.56,145.8
75.06,145.9
75.56,147.8
76.06,147.9
76.56,145.9
77.06,145.9
77.56,147.9
78.06,145.9
78.56,145.9
79.06,147.9
79.56,145.9
80.06,147.9
80.57,147.9
81.07,117.9
81.57,147.9
82.07,145.9
82.57,145.9
83.07,145.8
83.57,145.8
84.07,147.9
84.57,147.9
85.07,147.9
85.57,147.9
86.07,145.9
86.57,147.9
87.07,149.9
87.57,147.9
88.07,147.9
88.57,147.9
89.07,147.9
89.57,149.9
90.07,147.9
90.57,147.9
91.07,119.9
91.57,147.9
92.07,147.9
92.57,147.9
93.08,145.9
93.58,149.9
94.08,147.9
94.58,147.9
95.08,147.9
95.58,147.9
96.08,149.8
96.58,147.8
97.08,147.9
97.58,147.9
98.08,147.9
98.58,149.9
