t,31977
0.50,99.9
1.00,99.9
1.50,97.9
2.00,99.9
2.50,101.9
3.00,97.9
3.50,99.9
4.00,99.9
4.51,99.9
5.01,101.9
5.51,99.9
6.01,99.9
6.51,99.9
7.01,99.9
7.51,99.9
8.01,99.9
8.51,99.9
9.01,99.9
9.51,99.9
10.01,97.9
10.51,81.9
11.01,99.9
11.51,97.9
12.01,101.9
12.51,97.9
13.01,101.9
13.51,99.9
14.01,99.9
14.51,99.9
15.02,99.9
15.52,99.9
16.02,99.9
16.52,99.9
17.02,99.9
17.52,99.9
18.02,99.9
18.52,99.9
19.02,99.9
19.52,99.9
20.02,99.9
20.52,79.9
21.02,99.9
21.52,99.9
22.02,101.9
22.52,99.9
23.02,97.9
23.52,99.9
24.02,99.9
24.52,99.9
25.02,99.9
25.52,99.9
26.02,99.9
26.53,99.9
27.03,99.9
27.53,99.9
28.03,99.9
28.53,99.9
29.03,101.9
29.53,97.9
30.03,99.9
30.53,79.9
31.03,101.9
31.53,97.9
32.03,101.9
32.53,99.9
33.03,97.9
33.53,101.9
34.03,97.9
34.53,101.9
35.03,99.9
35.53,99.9
36.03,97.9
36.53,101.9
37.03,97.9
37.53,100.0
38.03,101.9
38.53,97.9
39.03,101.9
39.53,97.9
40.04,99.9
40.54,79.9
41.04,99.9
41.54,99.9
42.04,99.9
42.54,97.9
43.04,101.9
43.54,99.8
44.04,99.9
44.54,99.9
45.04,99.9
45.54,99.9
46.04,99.9
46.54,99.9
47.04,99.9
47.54,99.9
48.04,99.9
48.54,99.9
49.04,99.9
49.54,99.9
50.04,99.9
50.54,79.9
51.04,99.9
51.55,101.9
52.05,97.9
52.55,99.9
53.05,101.9
53.55,99.9
54.05,97.9
54.55,101.9
55.05,97.9
55.55,99.9
56.05,99.9
56.55,101.9
57.05,97.9
57.55,99.9
58.05,101.9
58.55,97.9
59.05,99.9
59.55,99.9
60.05,99.9
60.55,91.9
61.05,87.9
61.55,99.9
62.05,99.9
62.55,101.9
63.05,97.9
63.56,99.9
64.06,101.9
64.56,97.9
65.06,101.9
65.56,97.9
66.06,99.9
66.56,99.9
67.06,99.9
67.56,99.9
68.06,99.9
68.56,101.9
69.06,99.9
69.56,99.9
70.06,97.9
70.56,101.9
71.06,77.9
71.56,101.9
72.06,97.9
72.56,99.9
73.06,101.9
73.56,99.9
74.06,97.9
74.56,99.9
75.06,101.9
75.57,97.9
76.07,101.9
76.57,99.9
77.07,99.9
77.57,99.9
78.07,99.9
78.57,99.9
79.07,99.9
79.57,97.9
80.07,101.9
80.57,99.9
81.07,79.9
81.57,99.9
82.07,99.9
82.57,99.9
83.07,99.9
83.57,97.9
84.07,101.9
84.57,99.9
85.07,99.9
85.57,99.9
86.07,99.9
86.57,99.9
87.07,99.9
87.58,99.9
88.08,99.9
88.58,99.9
89.08,99.9
89.58,99.9
90.08,99.9
90.58,99.9
91.08,79.9
91.58,99.9
92.08,99.9
92.58,99.9
93.08,99.9
93.58,99.9
94.08,99.9
94.58,99.9
95.08,99.9
95.58,99.9
96.08,99.9
96.58,99.9
97.08,99.9
97.58,99.9
98.08,97.9
98.58,101.9
99.09,97.9
99.59,101.9
100.09,99.9
100.59,99.9
