t,56239,388
0.50,6.0,2.0
1.00,8.0,0.0
1.50,8.0,2.0
2.00,8.0,0.0
2.50,6.0,2.0
3.01,6.0,0.0
3.51,8.0,2.0
4.01,6.0,0.0
4.51,10.0,0.0
5.01,6.0,0.0
5.51,6.0,0.0
6.01,10.0,2.0
6.51,8.0,0.0
7.01,8.0,0.0
7.51,6.0,2.0
8.01,10.0,2.0
8.51,6.0,0.0
9.01,8.0,2.0
9.51,8.0,0.0
10.01,6.0,4.0
10.51,20.0,36.0
11.01,22.0,40.0
11.52,18.0,32.0
12.02,20.0,32.0
12.52,20.0,32.0
13.02,16.0,34.0
13.52,22.0,32.0
14.02,20.0,40.0
14.52,26.0,49.9
15.02,22.0,39.9
15.52,26.0,52.0
16.02,22.0,42.0
16.52,24.0,44.0
17.02,28.0,49.9
17.52,24.0,47.9
18.02,22.0,43.9
18.52,26.0,47.9
19.02,24.0,42.0
19.52,22.0,44.0
20.02,24.0,44.0
20.53,24.0,45.9
21.03,24.0,44.0
21.53,22.0,39.9
22.03,20.0,40.0
22.53,24.0,44.0
23.03,26.0,47.9
23.53,22.0,42.0
24.03,22.0,40.0
24.53,20.0,44.0
25.03,30.0,51.9
25.53,22.0,38.0
26.03,22.0,42.0
26.53,24.0,44.0
27.03,20.0,40.0
27.53,24.0,44.0
28.03,20.0,36.0
28.53,30.0,52.0
29.03,22.0,40.0
29.54,24.0,46.0
30.04,22.0,44.0
30.54,22.0,42.0
31.04,20.0,39.9
31.54,24.0,41.9
32.04,20.0,38.0
32.54,22.0,40.0
33.04,22.0,41.9
33.54,26.0,44.0
34.04,24.0,46.0
34.54,22.0,41.9
35.04,20.0,42.0
35.54,24.0,40.0
36.04,22.0,42.0
36.54,20.0,42.0
37.04,22.0,40.0
37.54,24.0,42.0
38.04,22.0,42.0
38.54,22.0,44.0
39.05,22.0,40.0
39.55,24.0,44.0
40.05,22.0,41.9
40.55,24.0,44.0
41.05,22.0,42.0
41.55,26.0,45.9
42.05,26.0,47.9
42.55,24.0,44.0
43.05,28.0,55.9
43.55,22.0,38.0
44.05,8.0,6.0
44.55,8.0,2.0
45.05,10.0,4.0
45.55,8.0,2.0
46.05,8.0,0.0
46.55,8.0,0.0
47.05,8.0,2.0
47.56,8.0,2.0
48.06,8.0,0.0
48.56,8.0,0.0
49.06,10.0,0.0
49.56,10.0,2.0
50.06,6.0,0.0
