seg_do_dia,switches,packet_in_s,msgs_s
66868.062,0,0,0
66869.063,0,0,0
66870.063,0,0,0
66871.064,0,0,0
66872.064,0,0,0
66873.072,2,0,0
66874.074,5,216,216
66875.075,5,172,172
66876.076,5,40,40
66877.077,5,0,0
66878.078,5,35,35
66879.078,5,55,55
66880.079,5,10,10
66881.080,5,0,0
66882.080,5,0,0
66883.081,5,0,0
66884.082,5,0,0
66885.082,5,8,13
66886.083,5,30,30
66887.083,5,32,32
66888.084,5,691,691
66889.085,5,1019,1019
66890.085,5,1028,1028
66891.086,5,967,967
66892.087,5,1102,1102
66893.088,5,1354,1354
66894.088,5,1599,1599
66895.089,5,1450,1450
66896.089,5,1265,1265
66897.089,5,1128,1128
66898.090,5,1121,1121
66899.091,5,1157,1157
66900.091,5,1116,1116
66901.092,5,1184,1184
66902.092,5,1159,1159
66903.093,5,1109,1109
66904.093,5,1150,1150
66905.094,5,1149,1149
66906.095,5,1131,1131
66907.095,5,1148,1148
66908.096,5,1165,1165
66909.096,5,1164,1164
66910.097,5,1155,1155
66911.098,5,1124,1124
66912.099,5,1127,1127
66913.099,5,1157,1157
66914.099,5,1140,1140
66915.100,5,1147,1147
66916.100,5,1141,1141
66917.101,5,1164,1164
66918.101,5,1110,1110
66919.102,5,1105,1105
66920.103,5,1063,1063
66921.103,5,1038,1038
66922.104,5,50,50
66923.105,5,40,40
66924.105,5,0,0
66925.106,5,0,0
66926.107,5,0,0
66927.107,5,0,0
66928.107,5,3,14
66929.108,3,0,18
