t,2258
0.50,22.0
1.00,20.0
1.50,22.0
2.00,22.0
2.50,24.0
3.00,22.0
3.50,24.0
4.00,22.0
4.50,24.0
5.01,22.0
5.51,20.0
6.01,22.0
6.51,22.0
7.01,22.0
7.51,22.0
8.01,22.0
8.51,22.0
9.01,20.0
9.51,20.0
10.01,24.0
10.51,22.0
11.01,22.0
11.51,22.0
12.01,18.0
12.51,20.0
13.01,22.0
13.51,20.0
14.01,18.0
14.51,20.0
15.01,22.0
15.52,6.0
16.02,4.0
16.52,8.0
17.02,6.0
17.52,8.0
18.02,6.0
18.52,24.0
19.02,26.0
19.52,24.0
20.02,26.0
20.52,26.0
21.02,22.0
21.52,26.0
22.02,24.0
22.52,24.0
23.02,24.0
23.52,26.0
24.02,22.0
24.52,24.0
25.02,26.0
25.52,24.0
26.03,22.0
26.53,26.0
27.03,22.0
27.53,26.0
28.03,24.0
28.53,24.0
29.03,22.0
29.53,24.0
30.03,22.0
30.53,24.0
31.03,22.0
31.53,24.0
32.03,24.0
32.53,22.0
33.03,22.0
33.53,8.0
34.03,4.0
34.53,6.0
35.03,6.0
35.53,6.0
36.03,6.0
36.53,24.0
37.03,24.0
37.53,24.0
38.04,26.0
38.54,22.0
39.04,26.0
39.54,24.0
40.04,26.0
40.54,24.0
41.04,24.0
41.54,26.0
42.04,28.0
42.54,24.0
43.04,24.0
43.54,28.0
44.04,26.0
44.54,22.0
45.04,24.0
45.54,24.0
46.04,26.0
46.54,24.0
47.04,24.0
47.54,26.0
48.04,26.0
48.54,24.0
49.04,24.0
49.54,22.0
50.04,26.0
50.55,26.0
51.05,22.0
51.55,8.0
52.05,4.0
52.55,4.0
53.05,6.0
53.55,2.0
54.05,4.0
54.55,30.0
55.05,30.0
55.55,32.0
56.05,28.0
56.55,34.0
57.05,30.0
57.55,30.0
58.05,30.0
58.55,32.0
59.05,28.0
59.55,32.0
60.05,30.0
60.55,30.0
61.05,30.0
61.55,30.0
62.05,30.0
62.55,32.0
63.05,30.0
63.55,32.0
64.05,30.0
64.55,28.0
65.06,32.0
65.56,28.0
66.06,32.0
66.56,30.0
67.06,30.0
67.56,30.0
68.06,30.0
68.56,30.0
69.06,32.0
69.56,8.0
70.06,2.0
70.56,4.0
71.06,4.0
71.56,6.0
72.06,4.0
72.56,32.0
73.06,40.0
73.56,36.0
74.06,40.0
74.56,36.0
75.06,38.0
75.56,40.0
76.06,40.0
76.56,40.0
77.06,44.0
77.56,42.0
78.07,44.0
78.57,42.0
79.07,42.0
79.57,46.0
80.07,42.0
80.57,42.0
81.07,44.0
81.57,46.0
82.07,46.0
82.57,44.0
83.07,44.0
83.57,44.0
84.07,46.0
84.57,42.0
85.07,41.9
85.57,44.0
86.07,46.0
86.57,46.0
87.07,42.0
87.57,12.0
88.07,6.0
88.57,6.0
89.07,4.0
89.57,8.0
90.07,4.0
90.57,44.0
91.08,50.0
91.58,50.0
92.08,52.0
92.58,52.0
93.08,54.0
93.58,54.0
94.08,52.0
94.58,56.0
95.08,51.9
95.58,54.0
96.08,54.0
96.58,54.0
97.08,55.9
97.58,54.0
98.08,54.0
98.58,55.9
99.08,52.0
99.58,57.9
100.08,54.0
100.58,58.0
101.08,53.9
101.58,54.0
102.08,56.0
102.58,58.0
103.09,54.0
103.59,58.0
104.09,55.9
104.59,56.0
105.09,59.9
105.59,16.0
106.09,4.0
106.59,6.0
107.09,8.0
107.59,4.0
108.09,6.0
108.59,55.9
109.09,75.9
109.59,75.9
110.09,77.9
110.59,77.9
111.09,75.9
111.59,77.9
112.09,73.9
112.59,73.9
113.09,75.9
113.59,77.9
114.09,75.9
114.60,75.9
115.10,77.9
115.60,75.9
116.10,83.9
116.60,81.9
117.10,81.9
117.60,77.9
118.10,79.9
118.60,83.9
119.10,79.9
119.60,81.9
120.10,81.9
120.60,81.9
121.10,77.9
121.60,79.9
122.10,79.9
122.60,77.9
123.10,79.9
123.60,28.0
124.10,6.0
124.60,8.0
125.11,8.0
125.61,8.0
126.11,6.0
126.61,53.9
127.11,93.9
127.61,97.9
128.11,97.9
128.61,97.9
129.11,95.9
129.61,97.9
130.11,95.9
130.61,97.9
131.11,97.9
131.61,95.9
132.11,97.9
132.61,97.9
133.11,97.9
133.61,97.9
134.11,97.9
134.62,97.9
135.12,95.9
135.62,97.9
136.12,97.9
136.62,95.9
137.12,99.9
137.62,95.9
138.12,99.9
138.62,99.9
139.12,93.9
139.62,97.9
140.12,95.9
140.62,97.9
141.12,97.9
141.62,95.9
142.12,93.9
142.62,93.9
143.12,91.9
143.62,14.0
144.12,8.0
144.62,49.9
145.13,97.9
145.63,97.9
146.13,99.9
146.63,97.9
147.13,95.9
147.63,97.9
148.13,97.9
148.63,97.9
149.13,97.9
149.63,97.9
150.13,97.9
150.63,97.9
151.13,97.9
151.63,99.9
152.13,97.9
152.63,97.9
153.13,99.9
153.63,97.9
154.13,97.9
154.63,97.9
155.14,95.9
155.64,95.9
156.14,97.9
156.64,97.9
157.14,97.9
157.64,99.9
158.14,95.9
158.64,99.9
159.14,97.9
159.64,95.9
160.14,97.9
160.64,93.9
161.14,89.9
161.64,93.9
162.14,85.9
162.64,38.0
163.14,99.9
163.64,97.9
164.14,97.9
164.64,99.9
165.15,99.9
165.65,97.9
166.15,97.9
166.65,99.9
167.15,97.9
167.65,99.9
168.15,97.9
168.65,97.9
169.15,99.9
169.65,95.9
170.15,99.9
170.65,99.8
171.15,97.9
171.65,97.9
172.15,95.9
172.65,99.9
173.15,97.9
173.65,99.9
174.16,97.9
174.66,97.9
175.16,97.9
175.66,97.9
176.16,95.9
176.66,99.9
177.16,95.9
177.66,97.9
178.16,91.9
178.66,93.9
179.16,93.9
179.66,91.9
180.16,71.9
180.66,24.0
181.16,99.9
181.66,99.9
182.16,97.9
182.66,99.9
183.16,97.9
183.66,101.9
184.17,97.9
184.67,99.9
185.17,97.9
185.67,97.9
186.17,99.9
186.67,99.9
187.17,97.9
187.67,99.9
188.17,97.9
188.67,99.9
189.17,97.9
189.67,97.9
190.17,97.9
190.67,99.9
191.17,97.9
191.67,97.9
192.17,97.9
192.67,99.9
193.17,95.9
193.67,99.9
194.18,97.9
194.68,99.9
195.18,95.9
195.68,97.9
196.18,95.9
196.68,95.9
197.18,93.9
197.68,93.9
198.18,91.9
198.68,89.8
199.18,93.9
199.68,99.9
200.18,97.9
200.68,101.8
201.18,97.9
201.68,99.9
202.18,97.9
202.68,99.9
203.19,97.9
203.69,99.9
204.19,99.9
204.69,99.9
205.19,101.9
205.69,95.9
206.19,97.9
206.69,99.9
207.19,97.9
207.69,99.9
208.19,99.8
208.69,99.9
209.19,99.9
209.69,97.9
210.19,99.9
210.69,99.9
211.19,99.9
211.69,99.9
212.19,99.9
212.69,97.9
213.19,99.9
213.70,99.9
214.20,97.9
214.70,95.9
215.20,95.9
215.70,97.9
216.20,99.9
216.70,97.9
217.20,97.9
217.70,99.9
218.20,99.9
218.70,99.9
219.20,99.9
219.70,97.9
220.20,101.9
220.70,97.9
221.20,101.8
221.70,99.9
222.20,97.9
222.70,99.9
223.20,99.9
223.70,99.9
224.21,99.9
224.71,99.9
225.21,99.9
225.71,97.9
226.21,99.9
226.71,99.9
227.21,99.9
227.71,99.9
228.21,97.9
228.71,99.9
229.21,101.9
229.71,97.8
230.21,99.9
230.71,97.9
231.21,97.9
231.71,97.9
232.21,97.9
232.71,97.9
233.21,95.9
233.71,93.9
234.22,93.9
234.72,93.9
235.22,97.9
235.72,99.9
236.22,97.9
236.72,101.9
237.22,97.9
237.72,99.9
238.22,99.9
238.72,99.9
239.22,99.9
239.72,97.9
240.22,101.9
240.72,97.9
241.22,97.9
241.72,101.9
242.22,99.9
242.72,99.9
243.22,99.9
243.72,97.9
244.23,99.9
244.73,97.9
245.23,99.9
245.73,99.9
246.23,97.8
246.73,97.9
247.23,99.9
247.73,97.9
248.23,99.9
248.73,99.9
249.23,97.9
249.73,101.9
250.23,95.9
250.73,93.9
251.23,89.9
251.73,91.9
252.23,91.9
252.73,93.9
