t,evento
0.00,taxa 200
15.01,pausa 200
18.04,taxa 500
33.05,pausa 500
36.08,taxa 1000
51.08,pausa 1000
54.11,taxa 2000
69.12,pausa 2000
72.14,taxa 3000
87.15,pausa 3000
90.18,taxa 4000
105.20,pausa 4000
108.23,taxa 5000
123.26,pausa 5000
126.29,taxa 6000
141.32,pausa 6000
144.37,taxa 7000
159.41,pausa 7000
162.45,taxa 8000
177.49,pausa 8000
180.54,taxa 10000
195.59,pausa 10000
198.64,taxa 12000
213.71,pausa 12000
216.75,taxa 15000
231.84,pausa 15000
234.88,taxa 20000
250.00,pausa 20000
253.05,fim
