taxa_nominal,taxa_enviada,taxa_recebida,processos,transmitidos,recebidos,perda_pct,rtt_avg_ms,conectados
200,113.9,113.9,1,1709,1709,0.000,8.664,5
500,337.7,337.5,3,5066,5063,0.059,8.805,5
1000,564.3,564.0,5,8465,8460,0.059,8.788,5
2000,1099.6,1098.9,10,16494,16484,0.061,9.039,5
3000,1573.5,1572.5,15,23602,23587,0.064,9.794,5
4000,1930.5,1929.1,20,28957,28937,0.069,11.152,5
5000,2620.9,2617.4,25,39314,39261,0.135,20.827,5
6000,3221.5,2559.9,30,48323,38399,20.537,1403.228,5
7000,3643.7,2266.4,35,54655,33996,37.799,2744.962,5
8000,3883.6,2151.5,40,58254,32272,44.601,3652.649,5
10000,4805.7,1697.0,50,72086,25455,64.688,4622.434,5
12000,5176.6,843.9,60,77649,12659,83.697,6652.521,5
15000,4898.9,35.9,75,73484,539,99.267,14575.706,5
20000,5963.7,0.0,100,89456,0,100.000,nan,5
