controlador,n_switches,topologia,rodada,dpid,lat_total_ms,lat_conexao_ms,atraso_hello_ms,syns,conexoes_abortadas
base,1,linear,1,1,1.419,1.419,0.356,1,0
refat1_selectors,1,linear,1,1,1.129,1.129,0.463,1,0
refat2_threads,1,linear,1,1,1.034,1.034,0.647,1,0
refat3_asyncio,1,linear,1,1,1.040,1.040,0.500,1,0
base,1,linear,2,1,501.083,501.083,0.781,1,0
refat1_selectors,1,linear,2,1,0.931,0.931,0.249,1,0
refat2_threads,1,linear,2,1,1.022,1.022,0.534,1,0
refat3_asyncio,1,linear,2,1,0.901,0.901,0.349,1,0
base,1,linear,3,1,501.901,501.901,1.205,1,0
refat1_selectors,1,linear,3,1,0.582,0.582,0.195,1,0
refat2_threads,1,linear,3,1,0.858,0.858,0.408,1,0
refat3_asyncio,1,linear,3,1,0.650,0.650,0.345,1,0
base,1,linear,4,1,0.578,0.578,0.365,1,0
refat1_selectors,1,linear,4,1,0.718,0.718,0.223,1,0
refat2_threads,1,linear,4,1,0.920,0.920,0.388,1,0
refat3_asyncio,1,linear,4,1,0.952,0.952,0.297,1,0
base,1,linear,5,1,501.991,501.991,1.215,1,0
refat1_selectors,1,linear,5,1,0.845,0.845,0.272,1,0
refat2_threads,1,linear,5,1,0.762,0.762,0.397,1,0
refat3_asyncio,1,linear,5,1,0.818,0.818,0.387,1,0
base,2,linear,1,1,500.992,500.992,0.880,2,0
base,2,linear,1,2,699.037,698.954,501.057,2,0
refat1_selectors,2,linear,1,1,1.310,1.310,0.301,2,0
refat1_selectors,2,linear,1,2,1.422,1.263,0.217,2,0
refat2_threads,2,linear,1,1,1.275,1.275,0.526,2,0
refat2_threads,2,linear,1,2,1.608,1.499,0.988,2,0
refat3_asyncio,2,linear,1,1,1.365,1.365,0.726,2,0
refat3_asyncio,2,linear,1,2,1.507,1.274,0.539,2,0
base,2,linear,2,1,501.348,501.348,1.002,2,0
base,2,linear,2,2,1002.660,1002.574,501.454,2,0
refat1_selectors,2,linear,2,1,1.279,1.279,0.362,2,0
refat1_selectors,2,linear,2,2,1.402,1.234,0.242,2,0
refat2_threads,2,linear,2,1,1.358,1.358,0.709,2,0
refat2_threads,2,linear,2,2,502.088,501.945,1.475,2,0
refat3_asyncio,2,linear,2,1,1.948,1.948,0.573,2,0
refat3_asyncio,2,linear,2,2,2.119,1.815,0.631,2,0
base,2,linear,3,1,1.973,1.973,1.075,2,0
base,2,linear,3,2,502.854,502.719,2.005,2,0
refat1_selectors,2,linear,3,1,1.136,1.136,0.393,2,0
refat1_selectors,2,linear,3,2,1.266,1.120,0.300,2,0
refat2_threads,2,linear,3,1,1.259,1.259,0.708,2,0
refat2_threads,2,linear,3,2,501.791,501.660,1.255,2,0
refat3_asyncio,2,linear,3,1,1.169,1.169,0.594,2,0
refat3_asyncio,2,linear,3,2,1.287,1.078,0.438,2,0
base,2,linear,4,1,1.138,1.138,0.291,2,0
base,2,linear,4,2,503.085,502.875,1.064,2,0
refat1_selectors,2,linear,4,1,1.047,1.047,0.490,2,0
refat1_selectors,2,linear,4,2,1.323,1.177,0.492,2,0
refat2_threads,2,linear,4,1,1.509,1.509,0.558,2,0
refat2_threads,2,linear,4,2,1.667,1.552,1.035,2,0
refat3_asyncio,2,linear,4,1,0.973,0.973,0.509,2,0
refat3_asyncio,2,linear,4,2,1.066,0.948,0.435,2,0
base,2,linear,5,1,1.568,1.568,1.170,2,0
base,2,linear,5,2,501.925,501.826,1.569,2,0
refat1_selectors,2,linear,5,1,1.144,1.144,0.291,2,0
refat1_selectors,2,linear,5,2,1.238,1.128,0.218,2,0
refat2_threads,2,linear,5,1,1.141,1.141,0.439,2,0
refat2_threads,2,linear,5,2,1.406,1.303,0.806,2,0
refat3_asyncio,2,linear,5,1,1.236,1.236,0.701,2,0
refat3_asyncio,2,linear,5,2,1.320,1.218,0.654,2,0
base,4,linear,1,1,66.414,66.314,1.352,4,0
base,4,linear,1,2,66.994,66.720,66.598,4,0
base,4,linear,1,3,66.802,66.607,66.438,4,0
base,4,linear,1,4,1.330,1.330,1.122,4,0
refat1_selectors,4,linear,1,1,1.315,1.197,0.153,4,0
refat1_selectors,4,linear,1,2,1.465,1.260,0.096,4,0
refat1_selectors,4,linear,1,3,1.383,1.216,0.125,4,0
refat1_selectors,4,linear,1,4,1.218,1.218,0.226,4,0
refat2_threads,4,linear,1,1,1.634,1.489,0.846,4,0
refat2_threads,4,linear,1,2,501.703,501.413,1.738,4,0
refat2_threads,4,linear,1,3,1.986,1.770,1.104,4,0
refat2_threads,4,linear,1,4,1.467,1.467,0.571,4,0
refat3_asyncio,4,linear,1,1,1.451,1.336,0.452,4,0
refat3_asyncio,4,linear,1,2,1.592,1.371,0.374,4,0
refat3_asyncio,4,linear,1,3,1.519,1.343,0.407,4,0
refat3_asyncio,4,linear,1,4,1.361,1.361,0.523,4,0
base,4,linear,2,1,1001.856,1001.783,501.494,6,2
base,4,linear,2,2,3004.260,1001.103,500.738,6,2
base,4,linear,2,3,2503.631,500.562,0.426,6,2
base,4,linear,2,4,501.371,501.371,1.057,6,2
refat1_selectors,4,linear,2,1,1.488,1.346,0.189,4,0
refat1_selectors,4,linear,2,2,1.718,1.426,0.084,4,0
refat1_selectors,4,linear,2,3,1.585,1.386,0.163,4,0
refat1_selectors,4,linear,2,4,1.352,1.352,0.267,4,0
refat2_threads,4,linear,2,1,2.346,2.094,1.470,4,0
refat2_threads,4,linear,2,2,38.892,38.412,3.745,4,0
refat2_threads,4,linear,2,3,38.723,38.348,2.867,4,0
refat2_threads,4,linear,2,4,2.029,2.029,0.756,4,0
refat3_asyncio,4,linear,2,1,2.821,2.585,1.143,4,0
refat3_asyncio,4,linear,2,2,3.147,2.665,1.237,4,0
refat3_asyncio,4,linear,2,3,2.991,2.602,1.028,4,0
refat3_asyncio,4,linear,2,4,2.525,2.525,1.288,4,0
base,4,linear,3,1,502.506,502.302,2.936,5,1
base,4,linear,3,2,2504.443,501.416,0.895,5,1
base,4,linear,3,3,1002.912,1002.558,502.485,5,1
base,4,linear,3,4,2.829,2.829,1.619,5,1
refat1_selectors,4,linear,3,1,2.238,2.005,0.325,4,0
refat1_selectors,4,linear,3,2,2.532,2.082,0.177,4,0
refat1_selectors,4,linear,3,3,2.385,2.022,0.242,4,0
refat1_selectors,4,linear,3,4,2.027,2.027,0.459,4,0
refat2_threads,4,linear,3,1,2.714,2.497,1.527,4,0
refat2_threads,4,linear,3,2,502.844,502.423,4.271,4,0
refat2_threads,4,linear,3,3,502.637,502.299,2.814,4,0
refat2_threads,4,linear,3,4,2.013,2.013,0.978,4,0
refat3_asyncio,4,linear,3,1,2.492,2.230,0.794,4,0
refat3_asyncio,4,linear,3,2,2.933,2.407,0.833,4,0
refat3_asyncio,4,linear,3,3,2.780,2.361,0.902,4,0
refat3_asyncio,4,linear,3,4,2.245,2.245,0.969,4,0
base,4,linear,4,1,503.695,503.520,3.157,5,1
base,4,linear,4,2,2848.900,500.290,1.175,5,1
base,4,linear,4,3,1004.736,1004.439,503.747,5,1
base,4,linear,4,4,3.009,3.009,1.267,5,1
refat1_selectors,4,linear,4,1,2.349,2.037,0.423,4,0
refat1_selectors,4,linear,4,2,2.681,2.100,0.268,4,0
refat1_selectors,4,linear,4,3,2.499,2.002,0.285,4,0
refat1_selectors,4,linear,4,4,2.126,2.126,0.639,4,0
refat2_threads,4,linear,4,1,2.648,2.420,2.062,4,0
refat2_threads,4,linear,4,2,502.949,502.514,3.434,4,0
refat2_threads,4,linear,4,3,502.660,502.344,2.623,4,0
refat2_threads,4,linear,4,4,2.331,2.331,1.394,4,0
refat3_asyncio,4,linear,4,1,2.798,2.580,1.004,4,0
refat3_asyncio,4,linear,4,2,3.142,2.682,0.830,4,0
refat3_asyncio,4,linear,4,3,2.945,2.635,0.952,4,0
refat3_asyncio,4,linear,4,4,2.603,2.603,1.114,4,0
base,4,linear,5,1,503.204,503.026,2.233,5,1
base,4,linear,5,2,2505.155,500.225,0.446,5,1
base,4,linear,5,3,1003.848,1003.554,503.256,5,1
base,4,linear,5,4,2.234,2.234,1.444,5,1
refat1_selectors,4,linear,5,1,2.217,2.014,0.353,4,0
refat1_selectors,4,linear,5,2,2.704,2.305,0.286,4,0
refat1_selectors,4,linear,5,3,2.352,2.029,0.280,4,0
refat1_selectors,4,linear,5,4,1.927,1.927,0.455,4,0
refat2_threads,4,linear,5,1,2.356,2.189,1.414,4,0
refat2_threads,4,linear,5,2,502.467,502.124,3.104,4,0
refat2_threads,4,linear,5,3,3.346,3.086,1.841,4,0
refat2_threads,4,linear,5,4,2.060,2.060,0.777,4,0
refat3_asyncio,4,linear,5,1,1.608,1.446,0.588,4,0
refat3_asyncio,4,linear,5,2,1.830,1.492,0.746,4,0
refat3_asyncio,4,linear,5,3,1.715,1.462,0.526,4,0
refat3_asyncio,4,linear,5,4,1.462,1.462,0.686,4,0
base,5,tree,1,1,7.611,7.421,1.879,5,0
base,5,tree,1,2,9.736,9.327,8.373,5,0
base,5,tree,1,3,8.069,7.797,7.525,5,0
base,5,tree,1,4,1.949,1.949,1.500,5,0
base,5,tree,1,5,8.364,8.040,7.822,5,0
refat1_selectors,5,tree,1,1,1.411,1.267,0.172,5,0
refat1_selectors,5,tree,1,2,1.683,1.361,0.054,5,0
refat1_selectors,5,tree,1,3,1.496,1.292,0.141,5,0
refat1_selectors,5,tree,1,4,1.276,1.276,0.257,5,0
refat1_selectors,5,tree,1,5,1.599,1.329,0.096,5,0
refat2_threads,5,tree,1,1,1.964,1.759,0.971,5,0
refat2_threads,5,tree,1,2,502.770,502.295,2.431,5,0
refat2_threads,5,tree,1,3,2.144,1.817,1.393,5,0
refat2_threads,5,tree,1,4,1.851,1.851,0.723,5,0
refat2_threads,5,tree,1,5,502.655,502.250,1.904,5,0
refat3_asyncio,5,tree,1,1,502.924,502.800,1.125,5,0
refat3_asyncio,5,tree,1,2,503.155,502.838,0.990,5,0
refat3_asyncio,5,tree,1,3,503.003,502.811,1.086,5,0
refat3_asyncio,5,tree,1,4,502.801,502.801,1.163,5,0
refat3_asyncio,5,tree,1,5,503.078,502.809,1.026,5,0
base,5,tree,2,1,502.008,501.894,1.520,7,2
base,5,tree,2,2,3005.145,1001.560,500.972,7,2
base,5,tree,2,3,1002.091,1001.921,502.081,7,2
base,5,tree,2,4,1.536,1.536,0.516,7,2
base,5,tree,2,5,2504.333,500.849,1.199,7,2
refat1_selectors,5,tree,2,1,1.892,1.782,0.376,5,0
refat1_selectors,5,tree,2,2,2.137,1.788,0.256,5,0
refat1_selectors,5,tree,2,3,1.976,1.741,0.279,5,0
refat1_selectors,5,tree,2,4,1.763,1.763,0.426,5,0
refat1_selectors,5,tree,2,5,2.056,1.756,0.278,5,0
refat2_threads,5,tree,2,1,1.499,1.378,0.798,5,0
refat2_threads,5,tree,2,2,502.028,501.745,2.259,5,0
refat2_threads,5,tree,2,3,1.664,1.489,1.251,5,0
refat2_threads,5,tree,2,4,1.397,1.397,0.538,5,0
refat2_threads,5,tree,2,5,501.918,501.684,2.003,5,0
refat3_asyncio,5,tree,2,1,1.460,1.347,0.807,5,0
refat3_asyncio,5,tree,2,2,1.668,1.365,0.662,5,0
refat3_asyncio,5,tree,2,3,1.531,1.351,0.759,5,0
refat3_asyncio,5,tree,2,4,1.364,1.364,0.877,5,0
refat3_asyncio,5,tree,2,5,1.599,1.357,0.712,5,0
base,5,tree,3,1,502.786,502.709,1.455,7,2
base,5,tree,3,2,3006.463,1001.994,501.508,7,2
base,5,tree,3,3,1003.260,1003.141,502.867,7,2
base,5,tree,3,4,1.439,1.439,0.859,7,2
base,5,tree,3,5,2505.795,501.410,0.396,7,2
refat1_selectors,5,tree,3,1,1.579,1.428,0.223,5,0
refat1_selectors,5,tree,3,2,2.063,1.715,0.093,5,0
refat1_selectors,5,tree,3,3,1.678,1.445,0.172,5,0
refat1_selectors,5,tree,3,4,1.446,1.446,0.308,5,0
refat1_selectors,5,tree,3,5,1.943,1.648,0.135,5,0
refat2_threads,5,tree,3,1,2.580,2.388,1.520,5,0
refat2_threads,5,tree,3,2,502.891,502.423,4.395,5,0
refat2_threads,5,tree,3,3,4.021,3.754,2.237,5,0
refat2_threads,5,tree,3,4,2.401,2.401,0.916,5,0
refat2_threads,5,tree,3,5,502.705,502.311,3.694,5,0
refat3_asyncio,5,tree,3,1,3.206,2.963,0.835,5,0
refat3_asyncio,5,tree,3,2,3.646,3.046,1.143,5,0
refat3_asyncio,5,tree,3,3,3.354,2.951,0.717,5,0
refat3_asyncio,5,tree,3,4,3.000,3.000,0.991,5,0
refat3_asyncio,5,tree,3,5,3.500,3.008,1.104,5,0
base,5,tree,4,1,503.324,503.112,3.430,7,2
base,5,tree,4,2,3116.309,1001.636,502.563,7,2
base,5,tree,4,3,1004.409,1004.071,503.315,7,2
base,5,tree,4,4,3.243,3.243,0.925,7,2
base,5,tree,4,5,2616.870,502.482,0.548,7,2
refat1_selectors,5,tree,4,1,3.374,3.135,0.284,5,0
refat1_selectors,5,tree,4,2,3.888,3.214,0.207,5,0
refat1_selectors,5,tree,4,3,3.526,3.134,0.184,5,0
refat1_selectors,5,tree,4,4,3.148,3.148,0.417,5,0
refat1_selectors,5,tree,4,5,3.710,3.177,0.066,5,0
refat2_threads,5,tree,4,1,2.882,2.628,1.480,5,0
refat2_threads,5,tree,4,2,504.316,503.700,5.016,5,0
refat2_threads,5,tree,4,3,3.460,3.071,2.048,5,0
refat2_threads,5,tree,4,4,3.254,3.254,1.094,5,0
refat2_threads,5,tree,4,5,504.106,503.574,3.551,5,0
refat3_asyncio,5,tree,4,1,2.797,2.575,0.815,5,0
refat3_asyncio,5,tree,4,2,3.238,2.642,1.003,5,0
refat3_asyncio,5,tree,4,3,2.949,2.591,1.172,5,0
refat3_asyncio,5,tree,4,4,2.513,2.513,0.946,5,0
refat3_asyncio,5,tree,4,5,3.094,2.618,1.094,5,0
base,5,tree,5,1,503.635,503.413,2.501,7,2
base,5,tree,5,2,3008.349,1001.632,501.566,7,2
base,5,tree,5,3,1004.458,1004.105,504.206,7,2
base,5,tree,5,4,2.524,2.524,0.490,7,2
base,5,tree,5,5,2507.666,501.096,1.029,7,2
refat1_selectors,5,tree,5,1,2.309,2.072,0.339,5,0
refat1_selectors,5,tree,5,2,3.392,2.808,0.087,5,0
refat1_selectors,5,tree,5,3,2.723,2.334,0.232,5,0
refat1_selectors,5,tree,5,4,2.097,2.097,0.479,5,0
refat1_selectors,5,tree,5,5,3.163,2.684,0.177,5,0
refat2_threads,5,tree,5,1,2.949,2.731,1.767,5,0
refat2_threads,5,tree,5,2,503.914,503.288,4.933,5,0
refat2_threads,5,tree,5,3,3.762,3.450,2.655,5,0
refat2_threads,5,tree,5,4,2.746,2.746,1.226,5,0
refat2_threads,5,tree,5,5,503.698,503.226,3.874,5,0
refat3_asyncio,5,tree,5,1,2.887,2.681,1.122,5,0
refat3_asyncio,5,tree,5,2,3.301,2.789,1.165,5,0
refat3_asyncio,5,tree,5,3,3.026,2.707,1.048,5,0
refat3_asyncio,5,tree,5,4,2.694,2.694,1.245,5,0
refat3_asyncio,5,tree,5,5,3.162,2.760,0.990,5,0
base,8,linear,1,1,2.500,2.500,0.872,9,0
base,8,linear,1,2,27.540,27.134,25.723,9,0
base,8,linear,1,3,25.833,25.498,24.816,9,0
base,8,linear,1,4,90.603,89.763,89.138,9,0
base,8,linear,1,5,1022.535,6.613,1.490,9,0
base,8,linear,1,6,24.839,24.629,2.483,9,0
base,8,linear,1,7,89.864,89.266,88.727,9,0
base,8,linear,1,8,88.987,88.496,27.212,9,0
refat1_selectors,8,linear,1,1,2.638,2.638,0.336,8,0
refat1_selectors,8,linear,1,2,3.045,2.626,0.045,8,0
refat1_selectors,8,linear,1,3,2.909,2.615,0.154,8,0
refat1_selectors,8,linear,1,4,3.392,2.612,0.129,8,0
refat1_selectors,8,linear,1,5,3.500,2.593,0.065,8,0
refat1_selectors,8,linear,1,6,2.798,2.640,0.253,8,0
refat1_selectors,8,linear,1,7,3.284,2.632,0.088,8,0
refat1_selectors,8,linear,1,8,3.153,2.626,0.151,8,0
refat2_threads,8,linear,1,1,1.956,1.956,0.613,8,0
refat2_threads,8,linear,1,2,3.372,3.059,2.016,8,0
refat2_threads,8,linear,1,3,3.100,2.887,1.553,8,0
refat2_threads,8,linear,1,4,502.952,502.414,5.042,8,0
refat2_threads,8,linear,1,5,503.080,502.460,5.417,8,0
refat2_threads,8,linear,1,6,2.963,2.813,0.955,8,0
refat2_threads,8,linear,1,7,502.823,502.344,4.503,8,0
refat2_threads,8,linear,1,8,502.678,502.280,3.175,8,0
refat3_asyncio,8,linear,1,1,1.919,1.919,0.778,8,0
refat3_asyncio,8,linear,1,2,2.253,1.969,0.837,8,0
refat3_asyncio,8,linear,1,3,2.158,1.929,0.650,8,0
refat3_asyncio,8,linear,1,4,2.556,2.123,0.749,8,0
refat3_asyncio,8,linear,1,5,2.653,2.170,0.712,8,0
refat3_asyncio,8,linear,1,6,2.060,1.915,0.704,8,0
refat3_asyncio,8,linear,1,7,2.445,2.061,0.781,8,0
refat3_asyncio,8,linear,1,8,2.349,2.016,0.816,8,0
base,8,linear,2,1,1.740,1.740,1.426,16,6
base,8,linear,2,2,2506.176,500.889,1.014,16,6
base,8,linear,2,3,1003.103,1002.837,502.589,16,6
base,8,linear,2,4,5503.636,493.733,493.440,16,6
base,8,linear,2,5,5510.006,500.067,493.784,16,6
base,8,linear,2,6,502.643,502.471,1.686,16,6
base,8,linear,2,7,5503.068,493.251,0.706,16,6
base,8,linear,2,8,3006.549,1001.118,500.947,16,6
refat1_selectors,8,linear,2,1,1.728,1.728,0.302,8,0
refat1_selectors,8,linear,2,2,2.020,1.715,0.098,8,0
refat1_selectors,8,linear,2,3,1.923,1.710,0.169,8,0
refat1_selectors,8,linear,2,4,2.280,1.776,0.102,8,0
refat1_selectors,8,linear,2,5,2.378,1.803,0.043,8,0
refat1_selectors,8,linear,2,6,1.841,1.699,0.214,8,0
refat1_selectors,8,linear,2,7,2.201,1.779,0.140,8,0
refat1_selectors,8,linear,2,8,2.120,1.745,0.038,8,0
refat2_threads,8,linear,2,1,1.549,1.549,0.559,8,0
refat2_threads,8,linear,2,2,2.376,2.099,1.456,8,0
refat2_threads,8,linear,2,3,2.185,1.973,1.196,8,0
refat2_threads,8,linear,2,4,6.439,6.019,3.413,8,0
refat2_threads,8,linear,2,5,6.544,6.069,3.577,8,0
refat2_threads,8,linear,2,6,2.984,2.882,0.944,8,0
refat2_threads,8,linear,2,7,6.335,5.956,3.169,8,0
refat2_threads,8,linear,2,8,3.222,2.904,2.605,8,0
refat3_asyncio,8,linear,2,1,2.534,2.534,1.285,8,0
refat3_asyncio,8,linear,2,2,2.803,2.430,1.108,8,0
refat3_asyncio,8,linear,2,3,2.731,2.468,1.171,8,0
refat3_asyncio,8,linear,2,4,3.147,2.495,1.463,8,0
refat3_asyncio,8,linear,2,5,3.220,2.475,1.382,8,0
refat3_asyncio,8,linear,2,6,2.657,2.502,1.234,8,0
refat3_asyncio,8,linear,2,7,3.072,2.529,1.547,8,0
refat3_asyncio,8,linear,2,8,2.983,2.532,1.519,8,0
base,8,linear,3,1,502.605,502.605,1.366,18,8
base,8,linear,3,2,3006.257,1001.809,501.826,18,8
base,8,linear,3,3,2506.087,501.722,0.621,18,8
base,8,linear,3,4,5508.674,499.995,494.811,18,8
base,8,linear,3,5,6004.916,996.205,500.132,18,8
base,8,linear,3,6,1004.223,1004.129,502.736,18,8
base,8,linear,3,7,5503.411,494.768,494.436,18,8
base,8,linear,3,8,5502.829,494.316,1.409,18,8
refat1_selectors,8,linear,3,1,1.735,1.735,0.280,8,0
refat1_selectors,8,linear,3,2,2.016,1.783,0.145,8,0
refat1_selectors,8,linear,3,3,1.922,1.736,0.172,8,0
refat1_selectors,8,linear,3,4,2.264,1.883,0.042,8,0
refat1_selectors,8,linear,3,5,2.343,1.914,0.054,8,0
refat1_selectors,8,linear,3,6,1.843,1.723,0.213,8,0
refat1_selectors,8,linear,3,7,2.187,1.855,0.083,8,0
refat1_selectors,8,linear,3,8,2.110,1.837,0.122,8,0
refat2_threads,8,linear,3,1,1.429,1.429,0.586,8,0
refat2_threads,8,linear,3,2,2.600,2.290,1.795,8,0
refat2_threads,8,linear,3,3,2.402,2.161,1.524,8,0
refat2_threads,8,linear,3,4,502.917,502.415,3.303,8,0
refat2_threads,8,linear,3,5,503.007,502.454,3.720,8,0
refat2_threads,8,linear,3,6,1.933,1.808,1.062,8,0
refat2_threads,8,linear,3,7,502.694,502.252,2.828,8,0
refat2_threads,8,linear,3,8,502.585,502.214,2.374,8,0
refat3_asyncio,8,linear,3,1,1.915,1.915,1.002,8,0
refat3_asyncio,8,linear,3,2,2.166,1.938,1.071,8,0
refat3_asyncio,8,linear,3,3,2.093,1.912,0.923,8,0
refat3_asyncio,8,linear,3,4,2.401,1.965,0.909,8,0
refat3_asyncio,8,linear,3,5,2.474,1.957,0.836,8,0
refat3_asyncio,8,linear,3,6,2.019,1.903,0.954,8,0
refat3_asyncio,8,linear,3,7,2.311,1.916,0.937,8,0
refat3_asyncio,8,linear,3,8,2.239,1.894,0.975,8,0
base,8,linear,4,1,1.764,1.764,1.160,16,6
base,8,linear,4,2,2506.561,501.723,0.258,16,6
base,8,linear,4,3,1002.739,1002.585,502.307,16,6
base,8,linear,4,4,5504.240,492.916,492.578,16,6
base,8,linear,4,5,5512.408,501.027,492.962,16,6
base,8,linear,4,6,502.254,502.157,1.806,16,6
base,8,linear,4,7,5503.595,492.344,0.390,16,6
base,8,linear,4,8,3006.996,1002.071,501.850,16,6
refat1_selectors,8,linear,4,1,2.140,2.140,0.411,8,0
refat1_selectors,8,linear,4,2,2.609,2.262,0.211,8,0
refat1_selectors,8,linear,4,3,2.459,2.208,0.278,8,0
refat1_selectors,8,linear,4,4,2.979,2.352,0.199,8,0
refat1_selectors,8,linear,4,5,3.135,2.374,0.106,8,0
refat1_selectors,8,linear,4,6,2.313,2.140,0.317,8,0
refat1_selectors,8,linear,4,7,2.857,2.330,0.069,8,0
refat1_selectors,8,linear,4,8,2.734,2.275,0.123,8,0
refat2_threads,8,linear,4,1,2.772,2.772,0.814,8,0
refat2_threads,8,linear,4,2,503.396,502.988,3.638,8,0
refat2_threads,8,linear,4,3,4.007,3.681,2.630,8,0
refat2_threads,8,linear,4,4,503.975,503.276,6.445,8,0
refat2_threads,8,linear,4,5,504.155,503.342,7.020,8,0
refat2_threads,8,linear,4,6,3.203,2.992,1.627,8,0
refat2_threads,8,linear,4,7,503.792,503.172,5.956,8,0
refat2_threads,8,linear,4,8,503.604,503.096,5.358,8,0
refat3_asyncio,8,linear,4,1,2.577,2.577,1.104,8,0
refat3_asyncio,8,linear,4,2,3.337,2.882,0.957,8,0
refat3_asyncio,8,linear,4,3,2.961,2.621,0.892,8,0
refat3_asyncio,8,linear,4,4,3.836,3.053,0.705,8,0
refat3_asyncio,8,linear,4,5,4.015,3.115,1.288,8,0
refat3_asyncio,8,linear,4,6,2.811,2.590,0.972,8,0
refat3_asyncio,8,linear,4,7,3.686,2.991,0.773,8,0
refat3_asyncio,8,linear,4,8,3.520,2.985,0.904,8,0
base,8,linear,5,1,2.877,2.877,1.321,16,7
base,8,linear,5,2,2508.278,501.501,1.038,16,7
base,8,linear,5,3,1005.167,1004.883,504.694,16,7
base,8,linear,5,4,5512.762,500.889,495.273,16,7
base,8,linear,5,5,6006.567,994.600,501.058,16,7
base,8,linear,5,6,504.644,504.470,2.895,16,7
base,8,linear,5,7,5506.475,494.819,0.706,16,7
base,8,linear,5,8,3009.545,1002.622,501.708,16,7
refat1_selectors,8,linear,5,1,3.402,3.402,0.493,8,0
refat1_selectors,8,linear,5,2,3.969,3.541,0.245,8,0
refat1_selectors,8,linear,5,3,3.787,3.442,0.291,8,0
refat1_selectors,8,linear,5,4,4.448,3.691,0.278,8,0
refat1_selectors,8,linear,5,5,4.601,3.703,0.185,8,0
refat1_selectors,8,linear,5,6,3.635,3.416,0.369,8,0
refat1_selectors,8,linear,5,7,4.269,3.654,0.107,8,0
refat1_selectors,8,linear,5,8,4.118,3.586,0.173,8,0
refat2_threads,8,linear,5,1,2.209,2.209,0.801,8,0
refat2_threads,8,linear,5,2,4.300,3.954,2.821,8,0
refat2_threads,8,linear,5,3,3.660,3.382,2.248,8,0
refat2_threads,8,linear,5,4,505.101,504.518,6.607,8,0
refat2_threads,8,linear,5,5,505.274,504.553,7.098,8,0
refat2_threads,8,linear,5,6,2.926,2.729,1.503,8,0
refat2_threads,8,linear,5,7,504.917,504.444,6.131,8,0
refat2_threads,8,linear,5,8,504.695,504.288,5.144,8,0
refat3_asyncio,8,linear,5,1,2.690,2.690,0.984,8,0
refat3_asyncio,8,linear,5,2,3.418,3.005,0.871,8,0
refat3_asyncio,8,linear,5,3,3.012,2.713,0.802,8,0
refat3_asyncio,8,linear,5,4,3.847,3.134,0.966,8,0
refat3_asyncio,8,linear,5,5,4.000,3.185,0.893,8,0
refat3_asyncio,8,linear,5,6,2.878,2.689,0.872,8,0
refat3_asyncio,8,linear,5,7,3.718,3.102,0.720,8,0
refat3_asyncio,8,linear,5,8,3.588,3.048,0.772,8,0
base,16,linear,1,1,3.310,3.310,0.456,37,11
base,16,linear,1,2,5535.720,173.796,0.739,37,11
base,16,linear,1,3,32.271,31.953,31.523,37,11
base,16,linear,1,4,2356.532,276.895,97.240,37,11
base,16,linear,1,5,2857.015,777.332,277.097,37,11
base,16,linear,1,6,31.498,31.358,3.324,37,11
base,16,linear,1,7,2176.703,97.128,96.698,37,11
base,16,linear,1,8,95.619,94.968,33.652,37,11
base,16,linear,1,9,5536.614,174.392,173.821,37,11
base,16,linear,1,10,33.080,32.655,31.942,37,11
base,16,linear,1,11,5537.270,174.973,174.466,37,11
base,16,linear,1,12,3358.918,1279.184,777.558,37,11
base,16,linear,1,13,96.466,95.733,95.220,37,11
base,16,linear,1,14,34.131,33.601,32.645,37,11
base,16,linear,1,15,2175.582,96.075,0.278,37,11
base,16,linear,1,16,1027.174,4.217,0.796,37,11
refat1_selectors,16,linear,1,1,3.442,3.442,0.423,16,0
refat1_selectors,16,linear,1,2,4.763,3.682,0.132,16,0
refat1_selectors,16,linear,1,3,3.677,3.433,0.273,16,0
refat1_selectors,16,linear,1,4,4.427,3.655,0.165,16,0
refat1_selectors,16,linear,1,5,4.546,3.715,0.125,16,0
refat1_selectors,16,linear,1,6,3.579,3.419,0.326,16,0
refat1_selectors,16,linear,1,7,4.326,3.627,0.216,16,0
refat1_selectors,16,linear,1,8,4.013,3.556,0.125,16,0
refat1_selectors,16,linear,1,9,4.871,3.667,0.054,16,0
refat1_selectors,16,linear,1,10,3.773,3.467,0.236,16,0
refat1_selectors,16,linear,1,11,5.013,3.729,0.055,16,0
refat1_selectors,16,linear,1,12,4.646,3.722,0.041,16,0
refat1_selectors,16,linear,1,13,4.110,3.593,0.075,16,0
refat1_selectors,16,linear,1,14,3.895,3.517,0.183,16,0
refat1_selectors,16,linear,1,15,4.207,3.585,0.249,16,0
refat1_selectors,16,linear,1,16,5.128,3.698,0.134,16,0
refat2_threads,16,linear,1,1,3.222,3.222,0.890,16,0
refat2_threads,16,linear,1,2,503.733,502.657,6.305,16,0
refat2_threads,16,linear,1,3,3.457,3.157,1.358,16,0
refat2_threads,16,linear,1,4,503.432,502.610,5.074,16,0
refat2_threads,16,linear,1,5,503.534,502.622,5.730,16,0
refat2_threads,16,linear,1,6,3.347,3.137,1.030,16,0
refat2_threads,16,linear,1,7,503.328,502.555,4.637,16,0
refat2_threads,16,linear,1,8,502.978,502.447,3.488,16,0
refat2_threads,16,linear,1,9,503.840,502.686,6.478,16,0
refat2_threads,16,linear,1,10,3.754,3.396,2.342,16,0
refat2_threads,16,linear,1,11,503.941,502.715,6.656,16,0
refat2_threads,16,linear,1,12,503.624,502.640,5.931,16,0
refat2_threads,16,linear,1,13,503.105,502.501,4.262,16,0
refat2_threads,16,linear,1,14,3.882,3.428,2.805,16,0
refat2_threads,16,linear,1,15,503.213,502.514,4.381,16,0
refat2_threads,16,linear,1,16,504.045,502.732,6.804,16,0
refat3_asyncio,16,linear,1,1,3.601,3.601,0.712,16,0
refat3_asyncio,16,linear,1,2,4.910,3.990,0.835,16,0
refat3_asyncio,16,linear,1,3,3.832,3.578,0.538,16,0
refat3_asyncio,16,linear,1,4,4.443,3.737,0.631,16,0
refat3_asyncio,16,linear,1,5,4.528,3.757,0.597,16,0
refat3_asyncio,16,linear,1,6,3.732,3.561,0.597,16,0
refat3_asyncio,16,linear,1,7,4.358,3.705,0.503,16,0
refat3_asyncio,16,linear,1,8,4.085,3.629,0.494,16,0
refat3_asyncio,16,linear,1,9,4.995,4.001,0.793,16,0
refat3_asyncio,16,linear,1,10,3.918,3.591,0.587,16,0
refat3_asyncio,16,linear,1,11,5.078,4.002,0.725,16,0
refat3_asyncio,16,linear,1,12,4.612,3.771,0.547,16,0
refat3_asyncio,16,linear,1,13,4.188,3.682,0.457,16,0
refat3_asyncio,16,linear,1,14,4.002,3.628,0.557,16,0
refat3_asyncio,16,linear,1,15,4.274,3.704,0.565,16,0
refat3_asyncio,16,linear,1,16,5.160,4.018,1.160,16,0
base,16,linear,2,1,2.271,2.271,0.967,35,4
base,16,linear,2,2,6350.818,1311.489,1001.871,35,4
base,16,linear,2,3,1004.240,1004.066,503.815,35,4
base,16,linear,2,4,2512.155,501.353,500.820,35,4
base,16,linear,2,5,5540.669,501.462,0.685,35,4
base,16,linear,2,6,503.791,503.678,2.266,35,4
base,16,linear,2,7,2511.492,500.739,500.311,35,4
base,16,linear,2,8,2256.003,245.374,245.005,35,4
base,16,linear,2,9,6352.011,1312.652,1312.149,35,4
base,16,linear,2,10,2254.753,244.243,0.286,35,4
base,16,linear,2,11,6353.732,1314.331,1312.950,35,4
base,16,linear,2,12,6040.987,1001.693,501.611,35,4
base,16,linear,2,13,2257.125,246.467,245.635,35,4
base,16,linear,2,14,2255.499,244.904,244.437,35,4
base,16,linear,2,15,2510.750,500.045,246.548,35,4
base,16,linear,2,16,6354.502,1315.071,1314.780,35,4
refat1_selectors,16,linear,2,1,2.681,2.681,0.267,16,0
refat1_selectors,16,linear,2,2,3.828,2.971,0.114,16,0
refat1_selectors,16,linear,2,3,2.866,2.676,0.156,16,0
refat1_selectors,16,linear,2,4,3.576,2.961,0.047,16,0
refat1_selectors,16,linear,2,5,3.655,2.962,0.048,16,0
refat1_selectors,16,linear,2,6,2.787,2.666,0.200,16,0
refat1_selectors,16,linear,2,7,3.480,2.909,0.081,16,0
refat1_selectors,16,linear,2,8,3.114,2.750,0.028,16,0
refat1_selectors,16,linear,2,9,3.907,2.984,0.059,16,0
refat1_selectors,16,linear,2,10,2.959,2.719,0.125,16,0
refat1_selectors,16,linear,2,11,4.012,3.027,0.020,16,0
refat1_selectors,16,linear,2,12,3.750,2.982,0.167,16,0
refat1_selectors,16,linear,2,13,3.207,2.793,0.057,16,0
refat1_selectors,16,linear,2,14,3.037,2.738,0.083,16,0
refat1_selectors,16,linear,2,15,3.383,2.887,0.120,16,0
refat1_selectors,16,linear,2,16,4.092,3.061,0.048,16,0
refat2_threads,16,linear,2,1,2.674,2.674,0.450,16,0
refat2_threads,16,linear,2,2,504.385,503.463,5.688,16,0
refat2_threads,16,linear,2,3,2.864,2.638,1.159,16,0
refat2_threads,16,linear,2,4,504.112,503.425,4.802,16,0
refat2_threads,16,linear,2,5,504.203,503.429,5.354,16,0
refat2_threads,16,linear,2,6,2.788,2.636,0.709,16,0
refat2_threads,16,linear,2,7,504.020,503.391,4.624,16,0
refat2_threads,16,linear,2,8,503.668,503.223,3.875,16,0
refat2_threads,16,linear,2,9,504.484,503.488,6.049,16,0
refat2_threads,16,linear,2,10,3.090,2.786,1.755,16,0
refat2_threads,16,linear,2,11,504.574,503.501,6.244,16,0
refat2_threads,16,linear,2,12,504.296,503.449,5.400,16,0
refat2_threads,16,linear,2,13,503.824,503.330,4.151,16,0
refat2_threads,16,linear,2,14,3.164,2.793,2.403,16,0
refat2_threads,16,linear,2,15,503.924,503.354,4.353,16,0
refat2_threads,16,linear,2,16,504.666,503.523,6.515,16,0
refat3_asyncio,16,linear,2,1,2.875,2.875,1.421,16,0
refat3_asyncio,16,linear,2,2,4.093,3.195,1.133,16,0
refat3_asyncio,16,linear,2,3,3.059,2.829,1.329,16,0
refat3_asyncio,16,linear,2,4,3.863,3.224,1.359,16,0
refat3_asyncio,16,linear,2,5,3.951,3.241,1.302,16,0
refat3_asyncio,16,linear,2,6,2.986,2.826,1.339,16,0
refat3_asyncio,16,linear,2,7,3.793,3.213,1.408,16,0
refat3_asyncio,16,linear,2,8,3.271,2.867,1.323,16,0
refat3_asyncio,16,linear,2,9,4.164,3.099,1.398,16,0
refat3_asyncio,16,linear,2,10,3.130,2.838,1.296,16,0
refat3_asyncio,16,linear,2,11,4.233,2.883,1.133,16,0
refat3_asyncio,16,linear,2,12,4.021,3.230,1.231,16,0
refat3_asyncio,16,linear,2,13,3.588,3.139,1.505,16,0
refat3_asyncio,16,linear,2,14,3.201,2.852,1.283,16,0
refat3_asyncio,16,linear,2,15,3.718,3.196,1.453,16,0
refat3_asyncio,16,linear,2,16,4.302,2.835,1.029,16,0
base,16,linear,3,1,2.485,2.485,1.034,45,8
base,16,linear,3,2,12027.517,501.672,0.621,45,8
base,16,linear,3,3,1003.237,1003.065,503.016,45,8
base,16,linear,3,4,5961.976,952.799,952.127,45,8
base,16,linear,3,5,5963.513,954.289,952.883,45,8
base,16,linear,3,6,503.006,502.898,2.529,45,8
base,16,linear,3,7,5960.952,951.807,501.335,45,8
base,16,linear,3,8,5504.585,495.634,0.376,45,8
base,16,linear,3,9,7473.394,1449.440,947.804,45,8
base,16,linear,3,10,2505.371,500.684,0.598,45,8
base,16,linear,3,11,6971.498,947.547,447.464,45,8
base,16,linear,3,12,5964.151,954.892,954.362,45,8
base,16,linear,3,13,5505.417,496.379,495.849,45,8
base,16,linear,3,14,3006.881,1002.113,500.818,45,8
base,16,linear,3,15,5510.382,501.289,496.422,45,8
base,16,linear,3,16,6471.252,447.322,0.855,45,8
refat1_selectors,16,linear,3,1,4.816,4.816,0.603,16,0
refat1_selectors,16,linear,3,2,6.760,5.173,0.186,16,0
refat1_selectors,16,linear,3,3,5.144,4.737,0.366,16,0
refat1_selectors,16,linear,3,4,6.280,4.979,0.385,16,0
refat1_selectors,16,linear,3,5,6.449,5.065,0.340,16,0
refat1_selectors,16,linear,3,6,5.004,4.725,0.446,16,0
refat1_selectors,16,linear,3,7,6.112,4.946,0.431,16,0
refat1_selectors,16,linear,3,8,5.627,4.856,0.086,16,0
refat1_selectors,16,linear,3,9,6.901,5.134,0.039,16,0
refat1_selectors,16,linear,3,10,5.315,4.805,0.301,16,0
refat1_selectors,16,linear,3,11,7.067,5.219,0.278,16,0
refat1_selectors,16,linear,3,12,6.591,5.109,0.273,16,0
refat1_selectors,16,linear,3,13,5.773,4.870,0.148,16,0
refat1_selectors,16,linear,3,14,5.487,4.825,0.179,16,0
refat1_selectors,16,linear,3,15,5.942,4.881,0.048,16,0
refat1_selectors,16,linear,3,16,7.255,5.276,0.191,16,0
refat2_threads,16,linear,3,1,5.731,5.731,0.914,16,0
refat2_threads,16,linear,3,2,174.846,173.319,11.675,16,0
refat2_threads,16,linear,3,3,6.157,5.753,1.680,16,0
refat2_threads,16,linear,3,4,174.294,173.069,10.131,16,0
refat2_threads,16,linear,3,5,174.478,173.171,10.681,16,0
refat2_threads,16,linear,3,6,5.966,5.695,1.204,16,0
refat2_threads,16,linear,3,7,174.086,172.974,9.552,16,0
refat2_threads,16,linear,3,8,7.670,6.896,5.155,16,0
refat2_threads,16,linear,3,9,175.027,173.403,12.353,16,0
refat2_threads,16,linear,3,10,7.196,6.682,2.655,16,0
refat2_threads,16,linear,3,11,175.254,173.502,12.838,16,0
refat2_threads,16,linear,3,12,174.663,173.249,11.173,16,0
refat2_threads,16,linear,3,13,173.702,172.844,7.278,16,0
refat2_threads,16,linear,3,14,7.399,6.744,4.141,16,0
refat2_threads,16,linear,3,15,173.904,172.934,8.948,16,0
refat2_threads,16,linear,3,16,175.434,173.576,13.445,16,0
refat3_asyncio,16,linear,3,1,4.610,4.610,1.039,16,0
refat3_asyncio,16,linear,3,2,6.527,5.090,0.715,16,0
refat3_asyncio,16,linear,3,3,4.980,4.564,0.748,16,0
refat3_asyncio,16,linear,3,4,6.013,4.829,0.903,16,0
refat3_asyncio,16,linear,3,5,6.201,4.916,0.825,16,0
refat3_asyncio,16,linear,3,6,4.827,4.564,0.861,16,0
refat3_asyncio,16,linear,3,7,5.866,4.762,0.956,16,0
refat3_asyncio,16,linear,3,8,5.423,4.636,0.797,16,0
refat3_asyncio,16,linear,3,9,7.008,5.499,1.165,16,0
refat3_asyncio,16,linear,3,10,5.126,4.540,0.934,16,0
refat3_asyncio,16,linear,3,11,7.159,5.442,1.006,16,0
refat3_asyncio,16,linear,3,12,6.375,5.010,0.767,16,0
refat3_asyncio,16,linear,3,13,5.571,4.696,0.731,16,0
refat3_asyncio,16,linear,3,14,5.276,4.597,0.873,16,0
refat3_asyncio,16,linear,3,15,5.719,4.729,1.033,16,0
refat3_asyncio,16,linear,3,16,7.304,5.502,0.949,16,0
base,16,linear,4,1,3.782,3.782,0.562,48,12
base,16,linear,4,2,11515.871,500.463,7.144,48,12
base,16,linear,4,3,1006.166,1005.843,504.620,48,12
base,16,linear,4,4,6014.042,1002.706,996.911,48,12
base,16,linear,4,5,6515.473,1504.100,1002.955,48,12
base,16,linear,4,6,504.661,504.473,3.777,48,12
base,16,linear,4,7,6008.113,996.818,996.278,48,12
base,16,linear,4,8,5506.096,495.053,0.608,48,12
base,16,linear,4,9,7015.538,2004.053,1504.287,48,12
base,16,linear,4,10,2508.607,501.620,1.314,48,12
base,16,linear,4,11,11517.027,501.568,501.061,48,12
base,16,linear,4,12,11022.357,7.060,0.974,48,12
base,16,linear,4,13,5511.806,500.670,495.319,48,12
base,16,linear,4,14,3008.450,1001.331,501.765,48,12
base,16,linear,4,15,6007.204,995.977,500.768,48,12
base,16,linear,4,16,11523.483,507.988,501.681,48,12
refat1_selectors,16,linear,4,1,3.836,3.836,0.328,16,0
refat1_selectors,16,linear,4,2,5.409,4.179,0.080,16,0
refat1_selectors,16,linear,4,3,4.151,3.908,0.196,16,0
refat1_selectors,16,linear,4,4,5.070,4.162,0.075,16,0
refat1_selectors,16,linear,4,5,5.184,4.166,0.069,16,0
refat1_selectors,16,linear,4,6,4.006,3.833,0.230,16,0
refat1_selectors,16,linear,4,7,4.933,4.091,0.050,16,0
refat1_selectors,16,linear,4,8,4.521,3.958,0.232,16,0
refat1_selectors,16,linear,4,9,5.546,4.109,0.252,16,0
refat1_selectors,16,linear,4,10,4.266,3.911,0.100,16,0
refat1_selectors,16,linear,4,11,5.660,4.073,0.150,16,0
refat1_selectors,16,linear,4,12,5.297,4.174,0.131,16,0
refat1_selectors,16,linear,4,13,4.654,4.005,0.205,16,0
refat1_selectors,16,linear,4,14,4.378,3.926,0.031,16,0
refat1_selectors,16,linear,4,15,4.794,4.059,0.145,16,0
refat1_selectors,16,linear,4,16,5.796,4.121,0.076,16,0
refat2_threads,16,linear,4,1,3.391,3.391,0.848,16,0
refat2_threads,16,linear,4,2,504.609,503.385,8.253,16,0
refat2_threads,16,linear,4,3,3.676,3.420,1.547,16,0
refat2_threads,16,linear,4,4,504.058,503.055,6.951,16,0
refat2_threads,16,linear,4,5,504.189,503.123,7.453,16,0
refat2_threads,16,linear,4,6,3.546,3.406,1.267,16,0
refat2_threads,16,linear,4,7,503.926,503.027,6.436,16,0
refat2_threads,16,linear,4,8,6.222,5.548,4.541,16,0
refat2_threads,16,linear,4,9,504.796,503.508,8.691,16,0
refat2_threads,16,linear,4,10,4.029,3.524,2.304,16,0
refat2_threads,16,linear,4,11,504.932,503.555,9.018,16,0
refat2_threads,16,linear,4,12,504.407,503.287,7.956,16,0
refat2_threads,16,linear,4,13,503.637,502.878,5.613,16,0
refat2_threads,16,linear,4,14,5.887,5.314,2.908,16,0
refat2_threads,16,linear,4,15,503.793,502.972,6.177,16,0
refat2_threads,16,linear,4,16,505.064,503.606,9.391,16,0
refat3_asyncio,16,linear,4,1,3.445,3.445,0.931,16,0
refat3_asyncio,16,linear,4,2,4.906,3.790,0.554,16,0
refat3_asyncio,16,linear,4,3,3.711,3.469,0.788,16,0
refat3_asyncio,16,linear,4,4,4.459,3.608,0.580,16,0
refat3_asyncio,16,linear,4,5,4.560,3.607,0.678,16,0
refat3_asyncio,16,linear,4,6,3.609,3.455,0.849,16,0
refat3_asyncio,16,linear,4,7,4.358,3.640,0.699,16,0
refat3_asyncio,16,linear,4,8,4.015,3.543,0.900,16,0
refat3_asyncio,16,linear,4,9,5.041,3.839,0.483,16,0
refat3_asyncio,16,linear,4,10,3.812,3.487,0.725,16,0
refat3_asyncio,16,linear,4,11,5.145,3.881,0.441,16,0
refat3_asyncio,16,linear,4,12,4.670,3.635,0.615,16,0
refat3_asyncio,16,linear,4,13,4.131,3.580,0.836,16,0
refat3_asyncio,16,linear,4,14,3.914,3.505,0.934,16,0
refat3_asyncio,16,linear,4,15,4.256,3.593,0.739,16,0
refat3_asyncio,16,linear,4,16,5.471,4.136,0.934,16,0
base,16,linear,5,1,2.712,2.712,1.134,47,11
base,16,linear,5,2,11390.117,37.980,37.585,47,11
base,16,linear,5,3,1005.014,1004.810,504.461,47,11
base,16,linear,5,4,5504.496,493.886,237.788,47,11
base,16,linear,5,5,5505.144,494.483,494.091,47,11
base,16,linear,5,6,504.435,504.294,2.685,47,11
base,16,linear,5,7,5248.319,237.763,236.862,47,11
base,16,linear,5,8,5245.693,235.343,0.599,47,11
base,16,linear,5,9,7252.225,1239.617,739.505,47,11
base,16,linear,5,10,2508.527,501.855,0.356,47,11
base,16,linear,5,11,6751.779,739.173,237.770,47,11
base,16,linear,5,12,11389.230,37.164,0.993,47,11
base,16,linear,5,13,5246.500,236.055,235.614,47,11
base,16,linear,5,14,3009.302,1002.529,501.993,47,11
base,16,linear,5,15,5247.334,236.830,236.056,47,11
base,16,linear,5,16,6250.233,237.645,1.366,47,11
refat1_selectors,16,linear,5,1,2.811,2.811,0.390,16,0
refat1_selectors,16,linear,5,2,3.885,2.895,0.191,16,0
refat1_selectors,16,linear,5,3,3.003,2.791,0.290,16,0
refat1_selectors,16,linear,5,4,3.625,2.840,0.127,16,0
refat1_selectors,16,linear,5,5,3.705,2.826,0.041,16,0
refat1_selectors,16,linear,5,6,2.924,2.796,0.336,16,0
refat1_selectors,16,linear,5,7,3.528,2.785,0.148,16,0
refat1_selectors,16,linear,5,8,3.272,2.774,0.071,16,0
refat1_selectors,16,linear,5,9,3.963,2.926,0.163,16,0
refat1_selectors,16,linear,5,10,3.098,2.820,0.253,16,0
refat1_selectors,16,linear,5,11,4.040,2.960,0.136,16,0
refat1_selectors,16,linear,5,12,3.806,2.878,0.218,16,0
refat1_selectors,16,linear,5,13,3.367,2.779,0.052,16,0
refat1_selectors,16,linear,5,14,3.177,2.782,0.162,16,0
refat1_selectors,16,linear,5,15,3.448,2.780,0.188,16,0
refat1_selectors,16,linear,5,16,4.137,2.980,0.068,16,0
refat2_threads,16,linear,5,1,2.574,2.574,0.485,16,0
refat2_threads,16,linear,5,2,503.625,502.957,7.030,16,0
refat2_threads,16,linear,5,3,2.773,2.592,1.112,16,0
refat2_threads,16,linear,5,4,6.595,6.080,5.382,16,0
refat2_threads,16,linear,5,5,6.827,6.254,5.833,16,0
refat2_threads,16,linear,5,6,2.681,2.572,0.670,16,0
refat2_threads,16,linear,5,7,6.042,5.567,4.155,16,0
refat2_threads,16,linear,5,8,5.260,4.926,2.560,16,0
refat2_threads,16,linear,5,9,503.751,503.028,7.300,16,0
refat2_threads,16,linear,5,10,3.231,3.007,1.526,16,0
refat2_threads,16,linear,5,11,503.901,503.109,7.565,16,0
refat2_threads,16,linear,5,12,503.512,502.882,6.773,16,0
refat2_threads,16,linear,5,13,4.199,3.822,3.150,16,0
refat2_threads,16,linear,5,14,3.958,3.698,2.007,16,0
refat2_threads,16,linear,5,15,5.959,5.525,3.647,16,0
refat2_threads,16,linear,5,16,504.029,503.048,7.690,16,0
refat3_asyncio,16,linear,5,1,2.278,2.278,0.710,16,0
refat3_asyncio,16,linear,5,2,4.258,3.633,0.902,16,0
refat3_asyncio,16,linear,5,3,2.531,2.360,0.607,16,0
refat3_asyncio,16,linear,5,4,3.303,2.813,0.554,16,0
refat3_asyncio,16,linear,5,5,4.038,3.495,0.937,16,0
refat3_asyncio,16,linear,5,6,2.428,2.321,0.651,16,0
refat3_asyncio,16,linear,5,7,3.196,2.742,0.580,16,0
refat3_asyncio,16,linear,5,8,2.836,2.513,0.677,16,0
refat3_asyncio,16,linear,5,9,4.352,3.657,0.849,16,0
refat3_asyncio,16,linear,5,10,2.632,2.419,0.579,16,0
refat3_asyncio,16,linear,5,11,4.447,3.711,0.826,16,0
refat3_asyncio,16,linear,5,12,4.162,3.578,0.923,16,0
refat3_asyncio,16,linear,5,13,2.966,2.605,0.651,16,0
refat3_asyncio,16,linear,5,14,2.733,2.468,0.714,16,0
refat3_asyncio,16,linear,5,15,3.078,2.664,0.609,16,0
refat3_asyncio,16,linear,5,16,4.540,3.770,0.817,16,0
