controlador,n_switches,rodadas,lat_total_media_ms,dp_ms,lat_total_max_media_ms,atraso_hello_max_media_ms,syns_medio,abortadas_medio,handshakes_nao_concluidos
base,1,5,301.394,245.273,301.394,0.784,1.0,0.0,0
base,2,5,421.658,213.166,641.912,201.430,2.0,0.0,0
base,4,5,980.006,543.063,2185.950,415.516,5.0,1.0,0
base,5,5,1133.655,563.521,2429.200,404.168,6.6,1.6,0
base,8,5,2551.137,1222.997,4811.286,420.293,15.0,5.4,0
base,16,5,4294.176,1433.783,9366.578,1058.098,42.4,9.2,0
refat1_selectors,1,5,0.841,0.186,0.841,0.280,1.0,0.0,0
refat1_selectors,2,5,1.257,0.079,1.330,0.368,2.0,0.0,0
refat1_selectors,4,5,1.978,0.445,2.220,0.409,4.0,0.0,0
refat1_selectors,5,5,2.293,0.745,2.633,0.377,5.0,0.0,0
refat1_selectors,8,5,2.777,0.737,3.191,0.364,8.0,0.0,0
refat1_selectors,16,5,4.407,0.972,5.282,0.402,16.0,0.0,0
refat2_threads,1,5,0.919,0.102,0.919,0.475,1.0,0.0,0
refat2_threads,2,5,101.510,122.567,201.712,1.112,2.0,0.0,0
refat2_threads,4,5,155.990,87.968,409.771,3.258,4.0,0.0,0
refat2_threads,5,5,202.783,0.709,503.184,3.807,5.0,0.0,0
refat2_threads,8,5,215.903,108.745,404.412,5.366,8.0,0.0,0
refat2_threads,16,5,256.776,100.372,438.648,8.769,16.0,0.0,0
refat3_asyncio,1,5,0.872,0.132,0.872,0.376,1.0,0.0,0
refat3_asyncio,2,5,1.399,0.344,1.460,0.632,2.0,0.0,0
refat3_asyncio,4,5,2.298,0.607,2.529,0.928,4.0,0.0,0
refat3_asyncio,5,5,102.758,200.118,103.002,1.120,5.0,0.0,0
refat3_asyncio,8,5,2.826,0.502,3.272,1.145,8.0,0.0,0
refat3_asyncio,16,5,4.315,0.872,5.355,1.140,16.0,0.0,0
