controlador,n_switches,rodada,dpid,latencia_ms,syns
base,1,1,1,0.782,1
refat1_selectors,1,1,1,0.952,1
refat2_threads,1,1,1,1.278,1
refat3_asyncio,1,1,1,1.233,1
base,1,2,1,1.136,1
refat1_selectors,1,2,1,1.340,1
refat2_threads,1,2,1,1.172,1
refat3_asyncio,1,2,1,1.181,1
base,1,3,1,0.779,1
refat1_selectors,1,3,1,1.174,1
refat2_threads,1,3,1,502.065,1
refat3_asyncio,1,3,1,502.281,1
base,1,4,1,0.641,1
refat1_selectors,1,4,1,1.170,1
refat2_threads,1,4,1,501.594,1
refat3_asyncio,1,4,1,1.169,1
base,1,5,1,1.686,1
refat1_selectors,1,5,1,1.811,1
refat2_threads,1,5,1,1.891,1
refat3_asyncio,1,5,1,1.289,1
base,2,1,1,1.400,2
base,2,1,2,314.702,2
refat1_selectors,2,1,1,501.865,2
refat1_selectors,2,1,2,1002.423,2
refat2_threads,2,1,1,1.326,2
refat2_threads,2,1,2,502.019,2
refat3_asyncio,2,1,1,1.553,2
refat3_asyncio,2,1,2,501.432,2
base,2,2,1,1.410,2
base,2,2,2,501.809,2
refat1_selectors,2,2,1,1.144,2
refat1_selectors,2,2,2,501.452,2
refat2_threads,2,2,1,1.049,2
refat2_threads,2,2,2,501.216,2
refat3_asyncio,2,2,1,1.133,2
refat3_asyncio,2,2,2,501.595,2
base,2,3,1,501.513,2
base,2,3,2,1001.647,2
refat1_selectors,2,3,1,501.738,2
refat1_selectors,2,3,2,1002.125,2
refat2_threads,2,3,1,1.124,2
refat2_threads,2,3,2,501.418,2
refat3_asyncio,2,3,1,1.379,2
refat3_asyncio,2,3,2,501.616,2
base,2,4,1,1.158,2
base,2,4,2,501.451,2
refat1_selectors,2,4,1,1.060,2
refat1_selectors,2,4,2,502.343,2
refat2_threads,2,4,1,1.122,2
refat2_threads,2,4,2,501.410,2
refat3_asyncio,2,4,1,501.990,2
refat3_asyncio,2,4,2,1002.095,2
base,2,5,1,1.293,2
base,2,5,2,503.166,2
refat1_selectors,2,5,1,1.644,2
refat1_selectors,2,5,2,502.471,2
refat2_threads,2,5,1,1.571,2
refat2_threads,2,5,2,502.027,2
refat3_asyncio,2,5,1,1.371,2
refat3_asyncio,2,5,2,502.408,2
base,4,1,1,1.147,4
base,4,1,2,177.496,4
base,4,1,3,2.260,4
base,4,1,4,53.332,4
refat1_selectors,4,1,1,502.367,6
refat1_selectors,4,1,2,3003.867,6
refat1_selectors,4,1,3,1002.225,6
refat1_selectors,4,1,4,2502.582,6
refat2_threads,4,1,1,2.380,5
refat2_threads,4,1,2,2505.634,5
refat2_threads,4,1,3,502.500,5
refat2_threads,4,1,4,1002.838,5
refat3_asyncio,4,1,1,1.165,4
refat3_asyncio,4,1,2,506.791,4
refat3_asyncio,4,1,3,1.969,4
refat3_asyncio,4,1,4,6.707,4
base,4,2,1,1.862,5
base,4,2,2,2505.583,5
base,4,2,3,502.479,5
base,4,2,4,1002.918,5
refat1_selectors,4,2,1,1.490,4
refat1_selectors,4,2,2,1003.627,4
refat1_selectors,4,2,3,2.204,4
refat1_selectors,4,2,4,502.314,4
refat2_threads,4,2,1,1.593,4
refat2_threads,4,2,2,874.288,4
refat2_threads,4,2,3,502.101,4
refat2_threads,4,2,4,871.677,4
refat3_asyncio,4,2,1,1.846,5
refat3_asyncio,4,2,2,2505.407,5
refat3_asyncio,4,2,3,502.555,5
refat3_asyncio,4,2,4,1003.070,5
base,4,3,1,2.163,5
base,4,3,2,2506.358,5
base,4,3,3,502.739,5
base,4,3,4,1003.973,5
refat1_selectors,4,3,1,1.786,4
refat1_selectors,4,3,2,1003.883,4
refat1_selectors,4,3,3,2.551,4
refat1_selectors,4,3,4,502.940,4
refat2_threads,4,3,1,1.820,5
refat2_threads,4,3,2,2504.458,5
refat2_threads,4,3,3,502.219,5
refat2_threads,4,3,4,1002.734,5
refat3_asyncio,4,3,1,1.548,5
refat3_asyncio,4,3,2,2504.805,5
refat3_asyncio,4,3,3,502.200,5
refat3_asyncio,4,3,4,1002.732,5
base,4,4,1,1.666,5
base,4,4,2,2728.737,5
base,4,4,3,503.003,5
base,4,4,4,1003.653,5
refat1_selectors,4,4,1,2.151,4
refat1_selectors,4,4,2,1003.357,4
refat1_selectors,4,4,3,2.723,4
refat1_selectors,4,4,4,503.973,4
refat2_threads,4,4,1,2.133,5
refat2_threads,4,4,2,2506.251,5
refat2_threads,4,4,3,502.269,5
refat2_threads,4,4,4,1002.823,5
refat3_asyncio,4,4,1,1.137,4
refat3_asyncio,4,4,2,1003.612,4
refat3_asyncio,4,4,3,1.631,4
refat3_asyncio,4,4,4,502.103,4
base,4,5,1,1.590,5
base,4,5,2,2505.989,5
base,4,5,3,503.132,5
base,4,5,4,1003.020,5
refat1_selectors,4,5,1,1.475,4
refat1_selectors,4,5,2,1002.832,4
refat1_selectors,4,5,3,2.081,4
refat1_selectors,4,5,4,502.651,4
refat2_threads,4,5,1,1.852,5
refat2_threads,4,5,2,2504.520,5
refat2_threads,4,5,3,502.652,5
refat2_threads,4,5,4,1002.845,5
refat3_asyncio,4,5,1,1.309,5
refat3_asyncio,4,5,2,2505.645,5
refat3_asyncio,4,5,3,502.567,5
refat3_asyncio,4,5,4,1003.246,5
base,5,1,1,1.011,5
base,5,1,2,46.185,5
base,5,1,3,1.583,5
base,5,1,4,6.828,5
base,5,1,5,45.672,5
refat1_selectors,5,1,1,1.651,5
refat1_selectors,5,1,2,9.621,5
refat1_selectors,5,1,3,2.372,5
refat1_selectors,5,1,4,7.259,5
refat1_selectors,5,1,5,9.196,5
refat2_threads,5,1,1,1.261,7
refat2_threads,5,1,2,3006.835,7
refat2_threads,5,1,3,501.614,7
refat2_threads,5,1,4,1002.964,7
refat2_threads,5,1,5,2506.491,7
refat3_asyncio,5,1,1,1.958,7
refat3_asyncio,5,1,2,3007.621,7
refat3_asyncio,5,1,3,502.293,7
refat3_asyncio,5,1,4,1003.939,7
refat3_asyncio,5,1,5,2508.120,7
base,5,2,1,2.247,7
base,5,2,2,3007.681,7
base,5,2,3,503.132,7
base,5,2,4,1004.083,7
base,5,2,5,2507.009,7
refat1_selectors,5,2,1,2.247,7
refat1_selectors,5,2,2,3004.676,7
refat1_selectors,5,2,3,503.782,7
refat1_selectors,5,2,4,1002.670,7
refat1_selectors,5,2,5,2503.974,7
refat2_threads,5,2,1,2.117,5
refat2_threads,5,2,2,847.859,5
refat2_threads,5,2,3,2.686,5
refat2_threads,5,2,4,502.653,5
refat2_threads,5,2,5,847.075,5
refat3_asyncio,5,2,1,1.360,6
refat3_asyncio,5,2,2,2505.865,6
refat3_asyncio,5,2,3,3.194,6
refat3_asyncio,5,2,4,503.252,6
refat3_asyncio,5,2,5,1003.845,6
base,5,3,1,1.291,5
base,5,3,2,1008.576,5
base,5,3,3,2.803,5
base,5,3,4,7.141,5
base,5,3,5,508.071,5
refat1_selectors,5,3,1,1.016,6
refat1_selectors,5,3,2,2505.429,6
refat1_selectors,5,3,3,1.941,6
refat1_selectors,5,3,4,502.628,6
refat1_selectors,5,3,5,1003.227,6
refat2_threads,5,3,1,1.454,7
refat2_threads,5,3,2,3005.893,7
refat2_threads,5,3,3,502.066,7
refat2_threads,5,3,4,1003.083,7
refat2_threads,5,3,5,2504.848,7
refat3_asyncio,5,3,1,1.506,5
refat3_asyncio,5,3,2,1007.921,5
refat3_asyncio,5,3,3,1.866,5
refat3_asyncio,5,3,4,7.306,5
refat3_asyncio,5,3,5,507.491,5
base,5,4,1,1.649,7
base,5,4,2,2566.727,7
base,5,4,3,502.034,7
base,5,4,4,1003.743,7
base,5,4,5,2064.807,7
refat1_selectors,5,4,1,1.587,5
refat1_selectors,5,4,2,689.396,5
refat1_selectors,5,4,3,1.857,5
refat1_selectors,5,4,4,6.147,5
refat1_selectors,5,4,5,506.958,5
refat2_threads,5,4,1,1.594,7
refat2_threads,5,4,2,3004.691,7
refat2_threads,5,4,3,502.382,7
refat2_threads,5,4,4,1003.082,7
refat2_threads,5,4,5,2504.530,7
refat3_asyncio,5,4,1,1.647,6
refat3_asyncio,5,4,2,2506.311,6
refat3_asyncio,5,4,3,1.975,6
refat3_asyncio,5,4,4,502.696,6
refat3_asyncio,5,4,5,1004.287,6
base,5,5,1,1.865,7
base,5,5,2,3005.723,7
base,5,5,3,502.465,7
base,5,5,4,1003.755,7
base,5,5,5,2504.543,7
refat1_selectors,5,5,1,1.293,5
refat1_selectors,5,5,2,1008.311,5
refat1_selectors,5,5,3,2.218,5
refat1_selectors,5,5,4,6.681,5
refat1_selectors,5,5,5,506.645,5
refat2_threads,5,5,1,1.615,7
refat2_threads,5,5,2,3006.968,7
refat2_threads,5,5,3,502.058,7
refat2_threads,5,5,4,1002.498,7
refat2_threads,5,5,5,2505.352,7
refat3_asyncio,5,5,1,1.326,7
refat3_asyncio,5,5,2,3004.764,7
refat3_asyncio,5,5,3,501.838,7
refat3_asyncio,5,5,4,1002.091,7
refat3_asyncio,5,5,5,2504.670,7
base,8,1,1,108.504,12
base,8,1,2,2189.048,12
base,8,1,3,492.803,12
base,8,1,4,558.275,12
base,8,1,5,2188.360,12
base,8,1,6,2.191,12
base,8,1,7,556.863,12
base,8,1,8,556.335,12
refat1_selectors,8,1,1,502.911,16
refat1_selectors,8,1,2,5508.557,16
refat1_selectors,8,1,3,1003.845,16
refat1_selectors,8,1,4,5503.521,16
refat1_selectors,8,1,5,5504.043,16
refat1_selectors,8,1,6,2.064,16
refat1_selectors,8,1,7,3006.499,16
refat1_selectors,8,1,8,2505.528,16
refat2_threads,8,1,1,502.103,16
refat2_threads,8,1,2,5507.257,16
refat2_threads,8,1,3,1003.699,16
refat2_threads,8,1,4,5502.811,16
refat2_threads,8,1,5,5503.369,16
refat2_threads,8,1,6,1.686,16
refat2_threads,8,1,7,3006.717,16
refat2_threads,8,1,8,2505.182,16
refat3_asyncio,8,1,1,501.732,14
refat3_asyncio,8,1,2,5297.219,14
refat3_asyncio,8,1,3,1003.130,14
refat3_asyncio,8,1,4,2733.909,14
refat3_asyncio,8,1,5,3008.829,14
refat3_asyncio,8,1,6,1.443,14
refat3_asyncio,8,1,7,2733.330,14
refat3_asyncio,8,1,8,2508.221,14
base,8,2,1,2.393,14
base,8,2,2,5504.815,14
base,8,2,3,502.920,14
base,8,2,4,3006.138,14
base,8,2,5,5504.195,14
base,8,2,6,1.920,14
base,8,2,7,2505.321,14
base,8,2,8,1004.131,14
refat1_selectors,8,2,1,502.181,16
refat1_selectors,8,2,2,5508.706,16
refat1_selectors,8,2,3,1002.594,16
refat1_selectors,8,2,4,5502.649,16
refat1_selectors,8,2,5,5503.212,16
refat1_selectors,8,2,6,1.552,16
refat1_selectors,8,2,7,3005.774,16
refat1_selectors,8,2,8,2504.439,16
refat2_threads,8,2,1,2.462,11
refat2_threads,8,2,2,2514.513,11
refat2_threads,8,2,3,6.357,11
refat2_threads,8,2,4,2009.527,11
refat2_threads,8,2,5,2014.234,11
refat2_threads,8,2,6,1.342,11
refat2_threads,8,2,7,1006.990,11
refat2_threads,8,2,8,506.500,11
refat3_asyncio,8,2,1,502.535,16
refat3_asyncio,8,2,2,5145.044,16
refat3_asyncio,8,2,3,1002.983,16
refat3_asyncio,8,2,4,5143.770,16
refat3_asyncio,8,2,5,5144.381,16
refat3_asyncio,8,2,6,1.965,16
refat3_asyncio,8,2,7,3011.500,16
refat3_asyncio,8,2,8,2511.148,16
base,8,3,1,502.509,16
base,8,3,2,5510.235,16
base,8,3,3,1003.007,16
base,8,3,4,5503.364,16
base,8,3,5,5503.911,16
base,8,3,6,1.824,16
base,8,3,7,3006.455,16
base,8,3,8,2505.066,16
refat1_selectors,8,3,1,502.975,16
refat1_selectors,8,3,2,6010.279,16
refat1_selectors,8,3,3,1003.828,16
refat1_selectors,8,3,4,5508.684,16
refat1_selectors,8,3,5,6004.771,16
refat1_selectors,8,3,6,1.515,16
refat1_selectors,8,3,7,3505.494,16
refat1_selectors,8,3,8,3004.850,16
refat2_threads,8,3,1,504.730,16
refat2_threads,8,3,2,5512.902,16
refat2_threads,8,3,3,1005.009,16
refat2_threads,8,3,4,5505.959,16
refat2_threads,8,3,5,5506.471,16
refat2_threads,8,3,6,3.705,16
refat2_threads,8,3,7,3008.990,16
refat2_threads,8,3,8,2508.232,16
refat3_asyncio,8,3,1,502.729,16
refat3_asyncio,8,3,2,5507.988,16
refat3_asyncio,8,3,3,1003.380,16
refat3_asyncio,8,3,4,5504.063,16
refat3_asyncio,8,3,5,5504.774,16
refat3_asyncio,8,3,6,1.540,16
refat3_asyncio,8,3,7,3006.582,16
refat3_asyncio,8,3,8,2505.291,16
base,8,4,1,85.270,10
base,8,4,2,2589.699,10
base,8,4,3,85.903,10
base,8,4,4,587.217,10
base,8,4,5,1087.562,10
base,8,4,6,1.797,10
base,8,4,7,86.988,10
base,8,4,8,86.163,10
refat1_selectors,8,4,1,503.637,16
refat1_selectors,8,4,2,5350.337,16
refat1_selectors,8,4,3,1004.589,16
refat1_selectors,8,4,4,5348.101,16
refat1_selectors,8,4,5,5348.932,16
refat1_selectors,8,4,6,3.842,16
refat1_selectors,8,4,7,3006.479,16
refat1_selectors,8,4,8,2505.331,16
refat2_threads,8,4,1,502.612,16
refat2_threads,8,4,2,6003.711,16
refat2_threads,8,4,3,1002.861,16
refat2_threads,8,4,4,5503.304,16
refat2_threads,8,4,5,5510.566,16
refat2_threads,8,4,6,1.716,16
refat2_threads,8,4,7,3006.448,16
refat2_threads,8,4,8,2504.963,16
refat3_asyncio,8,4,1,2.217,14
refat3_asyncio,8,4,2,5503.738,14
refat3_asyncio,8,4,3,502.777,14
refat3_asyncio,8,4,4,3007.358,14
refat3_asyncio,8,4,5,5503.223,14
refat3_asyncio,8,4,6,1.542,14
refat3_asyncio,8,4,7,2506.158,14
refat3_asyncio,8,4,8,1003.140,14
base,8,5,1,2.219,14
base,8,5,2,5504.311,14
base,8,5,3,502.632,14
base,8,5,4,3007.241,14
base,8,5,5,5503.688,14
base,8,5,6,1.451,14
base,8,5,7,2506.810,14
base,8,5,8,1004.357,14
refat1_selectors,8,5,1,502.520,16
refat1_selectors,8,5,2,5510.598,16
refat1_selectors,8,5,3,1003.691,16
refat1_selectors,8,5,4,5503.547,16
refat1_selectors,8,5,5,5504.144,16
refat1_selectors,8,5,6,2.158,16
refat1_selectors,8,5,7,3006.767,16
refat1_selectors,8,5,8,2505.451,16
refat2_threads,8,5,1,503.515,18
refat2_threads,8,5,2,5508.971,18
refat2_threads,8,5,3,1003.969,18
refat2_threads,8,5,4,5504.763,18
refat2_threads,8,5,5,5505.255,18
refat2_threads,8,5,6,1.714,18
refat2_threads,8,5,7,3005.767,18
refat2_threads,8,5,8,2505.261,18
refat3_asyncio,8,5,1,501.998,16
refat3_asyncio,8,5,2,6004.181,16
refat3_asyncio,8,5,3,1003.337,16
refat3_asyncio,8,5,4,5502.655,16
refat3_asyncio,8,5,5,5510.036,16
refat3_asyncio,8,5,6,1.460,16
refat3_asyncio,8,5,7,3007.000,16
refat3_asyncio,8,5,8,2505.312,16
base,16,1,1,451.002,36
base,16,1,2,2143.239,36
base,16,1,3,453.237,36
base,16,1,4,2112.704,36
base,16,1,5,2113.793,36
base,16,1,6,2.510,36
base,16,1,7,2111.980,36
base,16,1,8,2111.202,36
base,16,1,9,1030.365,36
base,16,1,10,452.437,36
base,16,1,11,3191.194,36
base,16,1,12,2113.345,36
base,16,1,13,513.674,36
base,16,1,14,451.647,36
base,16,1,15,512.748,36
base,16,1,16,5215.160,36
refat1_selectors,16,1,1,503.255,50
refat1_selectors,16,1,2,6912.013,50
refat1_selectors,16,1,3,2011.084,50
refat1_selectors,16,1,4,2636.194,50
refat1_selectors,16,1,5,6411.420,50
refat1_selectors,16,1,6,2.853,50
refat1_selectors,16,1,7,2635.507,50
refat1_selectors,16,1,8,2511.491,50
refat1_selectors,16,1,9,3147.692,50
refat1_selectors,16,1,10,2006.888,50
refat1_selectors,16,1,11,11418.981,50
refat1_selectors,16,1,12,5911.299,50
refat1_selectors,16,1,13,2123.902,50
refat1_selectors,16,1,14,1003.773,50
refat1_selectors,16,1,15,2123.250,50
refat1_selectors,16,1,16,7413.177,50
refat2_threads,16,1,1,502.179,38
refat2_threads,16,1,2,5564.678,38
refat2_threads,16,1,3,702.035,38
refat2_threads,16,1,4,2238.615,38
refat2_threads,16,1,5,2243.554,38
refat2_threads,16,1,6,2.127,38
refat2_threads,16,1,7,2238.151,38
refat2_threads,16,1,8,2237.036,38
refat2_threads,16,1,9,1202.725,38
refat2_threads,16,1,10,701.334,38
refat2_threads,16,1,11,5566.053,38
refat2_threads,16,1,12,2238.967,38
refat2_threads,16,1,13,2236.525,38
refat2_threads,16,1,14,700.820,38
refat2_threads,16,1,15,956.455,38
refat2_threads,16,1,16,5565.475,38
refat3_asyncio,16,1,1,502.927,48
refat3_asyncio,16,1,2,11509.349,48
refat3_asyncio,16,1,3,3004.923,48
refat3_asyncio,16,1,4,6003.995,48
refat3_asyncio,16,1,5,11508.886,48
refat3_asyncio,16,1,6,2.483,48
refat3_asyncio,16,1,7,5507.942,48
refat3_asyncio,16,1,8,5504.377,48
refat3_asyncio,16,1,9,6507.708,48
refat3_asyncio,16,1,10,2503.915,48
refat3_asyncio,16,1,11,7008.936,48
refat3_asyncio,16,1,12,6004.445,48
refat3_asyncio,16,1,13,5503.797,48
refat3_asyncio,16,1,14,1002.305,48
refat3_asyncio,16,1,15,5006.755,48
refat3_asyncio,16,1,16,11512.932,48
base,16,2,1,502.010,45
base,16,2,2,11216.415,45
base,16,2,3,3007.355,45
base,16,2,4,5503.890,45
base,16,2,5,6003.822,45
base,16,2,6,1.944,45
base,16,2,7,5503.155,45
base,16,2,8,5074.079,45
base,16,2,9,6075.966,45
base,16,2,10,2506.781,45
base,16,2,11,6576.262,45
base,16,2,12,5574.520,45
base,16,2,13,5072.782,45
base,16,2,14,1003.320,45
base,16,2,15,5072.059,45
base,16,2,16,7076.752,45
refat1_selectors,16,2,1,502.640,47
refat1_selectors,16,2,2,11511.731,47
refat1_selectors,16,2,3,3007.698,47
refat1_selectors,16,2,4,6005.710,47
refat1_selectors,16,2,5,6511.682,47
refat1_selectors,16,2,6,3.243,47
refat1_selectors,16,2,7,6005.135,47
refat1_selectors,16,2,8,5510.878,47
refat1_selectors,16,2,9,7012.983,47
refat1_selectors,16,2,10,2505.644,47
refat1_selectors,16,2,11,12008.540,47
refat1_selectors,16,2,12,6011.288,47
refat1_selectors,16,2,13,5504.238,47
refat1_selectors,16,2,14,1003.993,47
refat1_selectors,16,2,15,5503.606,47
refat1_selectors,16,2,16,11512.078,47
refat2_threads,16,2,1,503.432,49
refat2_threads,16,2,2,11513.792,49
refat2_threads,16,2,3,3006.914,49
refat2_threads,16,2,4,6011.200,49
refat2_threads,16,2,5,11513.266,49
refat2_threads,16,2,6,2.789,49
refat2_threads,16,2,7,6005.632,49
refat2_threads,16,2,8,6005.066,49
refat2_threads,16,2,9,7013.085,49
refat2_threads,16,2,10,2506.395,49
refat2_threads,16,2,11,12014.308,49
refat2_threads,16,2,12,6512.604,49
refat2_threads,16,2,13,5510.840,49
refat2_threads,16,2,14,1004.818,49
refat2_threads,16,2,15,5504.610,49
refat2_threads,16,2,16,11521.131,49
refat3_asyncio,16,2,1,502.635,48
refat3_asyncio,16,2,2,11516.134,48
refat3_asyncio,16,2,3,3007.656,48
refat3_asyncio,16,2,4,6012.696,48
refat3_asyncio,16,2,5,11515.511,48
refat3_asyncio,16,2,6,2.997,48
refat3_asyncio,16,2,7,6005.561,48
refat3_asyncio,16,2,8,6005.026,48
refat3_asyncio,16,2,9,12016.068,48
refat3_asyncio,16,2,10,2507.155,48
refat3_asyncio,16,2,11,7015.100,48
refat3_asyncio,16,2,12,6514.452,48
refat3_asyncio,16,2,13,5511.797,48
refat3_asyncio,16,2,14,1003.602,48
refat3_asyncio,16,2,15,5502.769,48
refat3_asyncio,16,2,16,11522.601,48
base,16,3,1,503.094,44
base,16,3,2,7572.044,44
base,16,3,3,3007.330,44
base,16,3,4,6563.392,44
base,16,3,5,6565.362,44
base,16,3,6,2.712,44
base,16,3,7,6505.405,44
base,16,3,8,6005.220,44
base,16,3,9,6565.800,44
base,16,3,10,2505.627,44
base,16,3,11,6569.621,44
base,16,3,12,6564.030,44
base,16,3,13,5504.908,44
base,16,3,14,1003.655,44
base,16,3,15,5504.255,44
base,16,3,16,7071.774,44
refat1_selectors,16,3,1,503.325,43
refat1_selectors,16,3,2,5623.855,43
refat1_selectors,16,3,3,2614.863,43
refat1_selectors,16,3,4,5123.670,43
refat1_selectors,16,3,5,5505.109,43
refat1_selectors,16,3,6,2.699,43
refat1_selectors,16,3,7,3117.734,43
refat1_selectors,16,3,8,2616.883,43
refat1_selectors,16,3,9,6624.290,43
refat1_selectors,16,3,10,2506.771,43
refat1_selectors,16,3,11,6007.023,43
refat1_selectors,16,3,12,5504.587,43
refat1_selectors,16,3,13,2616.023,43
refat1_selectors,16,3,14,1004.495,43
refat1_selectors,16,3,15,2615.593,43
refat1_selectors,16,3,16,6005.975,43
refat2_threads,16,3,1,503.469,49
refat2_threads,16,3,2,11513.574,49
refat2_threads,16,3,3,3006.551,49
refat2_threads,16,3,4,6011.215,49
refat2_threads,16,3,5,11512.963,49
refat2_threads,16,3,6,2.758,49
refat2_threads,16,3,7,6005.134,49
refat2_threads,16,3,8,5510.981,49
refat2_threads,16,3,9,7013.442,49
refat2_threads,16,3,10,2504.381,49
refat2_threads,16,3,11,12014.920,49
refat2_threads,16,3,12,6511.911,49
refat2_threads,16,3,13,5505.534,49
refat2_threads,16,3,14,1003.607,49
refat2_threads,16,3,15,5504.821,49
refat2_threads,16,3,16,11518.740,49
refat3_asyncio,16,3,1,502.332,48
refat3_asyncio,16,3,2,11509.644,48
refat3_asyncio,16,3,3,3006.100,48
refat3_asyncio,16,3,4,6007.149,48
refat3_asyncio,16,3,5,7009.942,48
refat3_asyncio,16,3,6,2.805,48
refat3_asyncio,16,3,7,6004.952,48
refat3_asyncio,16,3,8,6004.403,48
refat3_asyncio,16,3,9,12011.143,48
refat3_asyncio,16,3,10,2504.336,48
refat3_asyncio,16,3,11,11514.764,48
refat3_asyncio,16,3,12,6508.663,48
refat3_asyncio,16,3,13,5507.125,48
refat3_asyncio,16,3,14,1002.861,48
refat3_asyncio,16,3,15,5503.108,48
refat3_asyncio,16,3,16,11510.232,48
base,16,4,1,502.754,49
base,16,4,2,11513.678,49
base,16,4,3,3007.727,49
base,16,4,4,6011.081,49
base,16,4,5,11513.119,49
base,16,4,6,2.294,49
base,16,4,7,6005.045,49
base,16,4,8,6004.096,49
base,16,4,9,7013.539,49
base,16,4,10,2506.549,49
base,16,4,11,12014.314,49
base,16,4,12,6512.220,49
base,16,4,13,5509.767,49
base,16,4,14,1003.249,49
base,16,4,15,5503.737,49
base,16,4,16,11517.002,49
refat1_selectors,16,4,1,502.793,47
refat1_selectors,16,4,2,11017.835,47
refat1_selectors,16,4,3,3007.634,47
refat1_selectors,16,4,4,6006.258,47
refat1_selectors,16,4,5,6511.742,47
refat1_selectors,16,4,6,2.807,47
refat1_selectors,16,4,7,6005.614,47
refat1_selectors,16,4,8,5509.283,47
refat1_selectors,16,4,9,7011.768,47
refat1_selectors,16,4,10,2507.100,47
refat1_selectors,16,4,11,11513.734,47
refat1_selectors,16,4,12,6009.495,47
refat1_selectors,16,4,13,5503.671,47
refat1_selectors,16,4,14,1004.069,47
refat1_selectors,16,4,15,5503.090,47
refat1_selectors,16,4,16,11513.104,47
refat2_threads,16,4,1,503.269,48
refat2_threads,16,4,2,11513.828,48
refat2_threads,16,4,3,3006.307,48
refat2_threads,16,4,4,6005.716,48
refat2_threads,16,4,5,11513.325,48
refat2_threads,16,4,6,2.823,48
refat2_threads,16,4,7,6005.102,48
refat2_threads,16,4,8,5510.781,48
refat2_threads,16,4,9,6512.325,48
refat2_threads,16,4,10,2504.826,48
refat2_threads,16,4,11,7013.324,48
refat2_threads,16,4,12,6011.014,48
refat2_threads,16,4,13,5505.800,48
refat2_threads,16,4,14,1003.463,48
refat2_threads,16,4,15,5505.069,48
refat2_threads,16,4,16,11521.110,48
refat3_asyncio,16,4,1,2.180,40
refat3_asyncio,16,4,2,6015.665,40
refat3_asyncio,16,4,3,1008.185,40
refat3_asyncio,16,4,4,5514.502,40
refat3_asyncio,16,4,5,6010.357,40
refat3_asyncio,16,4,6,1.817,40
refat3_asyncio,16,4,7,5509.155,40
refat3_asyncio,16,4,8,5508.474,40
refat3_asyncio,16,4,9,6516.479,40
refat3_asyncio,16,4,10,507.620,40
refat3_asyncio,16,4,11,7017.994,40
refat3_asyncio,16,4,12,6009.760,40
refat3_asyncio,16,4,13,3011.918,40
refat3_asyncio,16,4,14,7.232,40
refat3_asyncio,16,4,15,2509.904,40
refat3_asyncio,16,4,16,11517.972,40
base,16,5,1,503.190,45
base,16,5,2,6981.569,45
base,16,5,3,3007.247,45
base,16,5,4,6005.548,45
base,16,5,5,6982.859,45
base,16,5,6,2.170,45
base,16,5,7,6004.773,45
base,16,5,8,5510.338,45
base,16,5,9,6511.756,45
base,16,5,10,2506.799,45
base,16,5,11,6979.683,45
base,16,5,12,6005.980,45
base,16,5,13,5505.074,45
base,16,5,14,1003.170,45
base,16,5,15,5504.578,45
base,16,5,16,6980.482,45
refat1_selectors,16,5,1,3.349,44
refat1_selectors,16,5,2,11013.875,44
refat1_selectors,16,5,3,2505.852,44
refat1_selectors,16,5,4,6005.563,44
refat1_selectors,16,5,5,6009.555,44
refat1_selectors,16,5,6,2.750,44
refat1_selectors,16,5,7,5509.422,44
refat1_selectors,16,5,8,5504.843,44
refat1_selectors,16,5,9,6510.337,44
refat1_selectors,16,5,10,1004.170,44
refat1_selectors,16,5,11,7010.625,44
refat1_selectors,16,5,12,6006.143,44
refat1_selectors,16,5,13,5504.237,44
refat1_selectors,16,5,14,503.668,44
refat1_selectors,16,5,15,3006.385,44
refat1_selectors,16,5,16,11429.889,44
refat2_threads,16,5,1,3.729,42
refat2_threads,16,5,2,6659.267,42
refat2_threads,16,5,3,2505.795,42
refat2_threads,16,5,4,6654.200,42
refat2_threads,16,5,5,6656.025,42
refat2_threads,16,5,6,3.396,42
refat2_threads,16,5,7,6506.175,42
refat2_threads,16,5,8,6006.553,42
refat2_threads,16,5,9,6656.465,42
refat2_threads,16,5,10,1004.598,42
refat2_threads,16,5,11,6658.079,42
refat2_threads,16,5,12,6654.822,42
refat2_threads,16,5,13,6005.925,42
refat2_threads,16,5,14,504.068,42
refat2_threads,16,5,15,3006.875,42
refat2_threads,16,5,16,6658.799,42
refat3_asyncio,16,5,1,503.413,39
refat3_asyncio,16,5,2,2730.666,39
refat3_asyncio,16,5,3,676.821,39
refat3_asyncio,16,5,4,2724.224,39
refat3_asyncio,16,5,5,2726.801,39
refat3_asyncio,16,5,6,2.934,39
refat3_asyncio,16,5,7,2723.501,39
refat3_asyncio,16,5,8,2680.902,39
refat3_asyncio,16,5,9,3231.524,39
refat3_asyncio,16,5,10,676.294,39
refat3_asyncio,16,5,11,5678.230,39
refat3_asyncio,16,5,12,2724.882,39
refat3_asyncio,16,5,13,1178.200,39
refat3_asyncio,16,5,14,675.606,39
refat3_asyncio,16,5,15,677.364,39
refat3_asyncio,16,5,16,5677.674,39
