controlador,n_switches,rodadas,lat_media_ms,dp_ms,lat_max_media_ms,syns_medio,handshakes_nao_concluidos
base,1,5,1.005,0.378,1.005,1.0,0
base,2,5,332.955,212.433,564.555,2.0,0
base,4,5,825.655,384.156,2084.833,4.8,0
base,5,5,872.425,589.826,1926.978,6.2,0
base,8,5,1771.597,910.803,4259.622,13.2,0
base,16,5,4386.262,1490.439,8600.158,43.8,0
refat1_selectors,1,5,1.289,0.288,1.289,1.0,0
refat1_selectors,2,5,451.827,245.122,702.163,2.0,0
refat1_selectors,4,5,652.654,550.053,1403.513,4.4,0
refat1_selectors,5,5,551.711,498.722,1443.487,5.6,0
refat1_selectors,8,5,2980.515,108.498,5577.695,16.0,0
refat1_selectors,16,5,4669.343,878.053,10599.087,46.2,0
refat2_threads,1,5,201.600,245.137,201.600,1.0,0
refat2_threads,2,5,251.428,0.259,501.618,2.0,0
refat2_threads,4,5,914.979,176.282,2179.030,4.8,0
refat2_threads,5,5,1210.947,385.234,2574.449,6.6,0
refat2_threads,8,5,2568.154,780.573,5009.471,15.4,0
refat2_threads,16,5,4855.918,1443.705,9555.132,45.2,0
refat3_asyncio,1,5,101.431,200.425,101.431,1.0,0
refat3_asyncio,2,5,351.657,200.193,601.829,2.0,0
refat3_asyncio,4,5,703.102,375.668,1805.252,4.6,0
refat3_asyncio,5,5,943.966,417.254,2406.496,6.2,0
refat3_asyncio,8,5,2646.340,339.043,5491.634,15.2,0
refat3_asyncio,16,5,4785.316,1455.698,10547.269,44.6,0
