controlador,modo,switches,status,resp_s_media,resp_s_dp,resp_s_min,resp_s_max,cpu_media,cpu_max
base,latencia,1,ok,27701.6,1654.9,25383.6,30026.6,32.5,38.0
refat1_selectors,latencia,1,ok,30544.3,1132.5,29091.2,32113.8,55.8,62.0
refat2_threads,latencia,1,ok,25527.2,480.5,24677.7,26073.8,42.3,46.0
refat3_asyncio,latencia,1,ok,14735.5,266.6,14391.4,15171.8,93.5,97.9
base,latencia,2,ok,49839.3,761.7,48811.4,50752.4,48.8,54.0
refat1_selectors,latencia,2,ok,96525.8,2116.7,94284.1,100240.1,91.0,95.9
refat2_threads,latencia,2,ok,32317.1,1316.0,30216.9,33605.5,79.7,85.9
refat3_asyncio,latencia,2,ok,15159.3,146.4,14879.8,15274.6,95.7,99.9
base,latencia,4,ok,77169.7,3235.3,72164.8,81124.0,74.6,81.9
refat1_selectors,latencia,4,ok,104599.1,3359.7,99214.7,108194.0,94.1,97.9
refat2_threads,latencia,4,ok,8209.5,231.6,8004.2,8654.2,147.4,153.8
refat3_asyncio,latencia,4,ok,13337.4,918.5,12219.0,14594.6,96.6,99.9
base,latencia,5,ok,80683.2,2675.6,77311.2,84927.1,78.3,83.9
refat1_selectors,latencia,5,ok,108449.5,2359.6,104065.2,110603.3,94.8,99.9
refat2_threads,latencia,5,ok,9625.7,332.8,9197.0,10154.4,150.3,155.9
refat3_asyncio,latencia,5,ok,15606.4,981.0,14325.8,17102.8,96.8,101.9
base,latencia,8,falha_conexao,0.0,0.0,0.0,0.0,99.9,101.9
refat1_selectors,latencia,8,ok,112370.2,1647.6,110133.9,113963.1,95.5,99.9
refat2_threads,latencia,8,ok,9239.8,637.3,8426.6,10168.6,154.7,159.9
refat3_asyncio,latencia,8,ok,16867.2,603.0,15849.6,17513.8,97.7,101.9
base,latencia,16,falha_conexao,0.0,0.0,0.0,0.0,99.9,99.9
refat1_selectors,latencia,16,ok,112792.7,1242.2,111476.3,115099.1,96.5,99.9
refat2_threads,latencia,16,ok,9271.5,308.3,8879.8,9778.8,155.7,161.9
refat3_asyncio,latencia,16,ok,18170.7,619.0,17603.6,19358.2,98.1,101.9
base,throughput,8,falha_conexao,0.0,0.0,0.0,0.0,99.9,101.9
refat1_selectors,throughput,8,ok,978882.4,3715.6,973574.0,982701.8,100.0,101.9
refat2_threads,throughput,8,ok,1050098.7,25177.8,1012354.8,1075523.8,106.0,107.9
refat3_asyncio,throughput,8,ok,875912.8,11626.3,855935.3,890586.7,99.9,101.9
