t,3420
0.50,52.0
1.00,53.9
1.50,49.9
2.00,50.0
2.50,50.0
3.00,48.0
3.50,52.0
4.00,51.9
4.50,48.0
5.00,48.0
5.51,38.0
6.01,51.9
6.51,50.0
7.01,52.0
7.51,50.0
8.01,48.0
8.51,48.0
9.01,54.0
9.51,51.9
10.01,48.0
10.51,44.0
11.01,52.0
11.51,52.0
12.01,48.0
12.51,52.0
13.01,48.0
13.51,52.0
14.01,46.0
14.51,52.0
15.01,50.0
15.51,40.0
16.01,48.0
16.51,46.0
17.01,49.9
17.51,50.0
18.02,46.0
18.52,48.0
19.02,54.0
19.52,52.0
20.02,48.0
20.52,42.0
21.02,48.0
21.52,48.0
22.02,50.0
22.52,50.0
23.02,50.0
23.52,52.0
24.02,44.0
24.52,54.0
25.02,48.0
25.52,48.0
26.02,48.0
26.52,48.0
27.02,46.0
27.52,47.9
28.02,50.0
28.52,50.0
29.02,44.0
29.52,46.0
30.02,50.0
30.52,45.9
