controlador,modo,switches,laco,resp_s
base,latencia,1,1,29039.9
base,latencia,1,2,28080.0
base,latencia,1,3,30494.5
base,latencia,1,4,30318.9
base,latencia,1,5,31684.5
base,latencia,1,6,31895.7
base,latencia,1,7,30242.5
base,latencia,1,8,31223.4
base,latencia,1,9,29556.6
base,latencia,1,10,29135.1
refat1_selectors,latencia,1,1,30675.2
refat1_selectors,latencia,1,2,28933.9
refat1_selectors,latencia,1,3,29689.5
refat1_selectors,latencia,1,4,27488.8
refat1_selectors,latencia,1,5,28425.8
refat1_selectors,latencia,1,6,29710.1
refat1_selectors,latencia,1,7,29889.2
refat1_selectors,latencia,1,8,30464.5
refat1_selectors,latencia,1,9,29855.8
refat1_selectors,latencia,1,10,26228.1
refat2_threads,latencia,1,1,19756.2
refat2_threads,latencia,1,2,18430.6
refat2_threads,latencia,1,3,18451.3
refat2_threads,latencia,1,4,18748.7
refat2_threads,latencia,1,5,20203.7
refat2_threads,latencia,1,6,21867.4
refat2_threads,latencia,1,7,21398.2
refat2_threads,latencia,1,8,20247.2
refat2_threads,latencia,1,9,18242.3
refat2_threads,latencia,1,10,19233.6
refat3_asyncio,latencia,1,1,12114.6
refat3_asyncio,latencia,1,2,13577.5
refat3_asyncio,latencia,1,3,12972.8
refat3_asyncio,latencia,1,4,13148.9
refat3_asyncio,latencia,1,5,12765.2
refat3_asyncio,latencia,1,6,11951.2
refat3_asyncio,latencia,1,7,11340.1
refat3_asyncio,latencia,1,8,10958.7
refat3_asyncio,latencia,1,9,9957.0
refat3_asyncio,latencia,1,10,9276.3
base,latencia,2,1,36192.6
base,latencia,2,2,39257.5
base,latencia,2,3,42484.5
base,latencia,2,4,49311.1
base,latencia,2,5,44171.6
base,latencia,2,6,40262.0
base,latencia,2,7,39583.7
base,latencia,2,8,44015.9
base,latencia,2,9,44710.6
base,latencia,2,10,52741.8
refat1_selectors,latencia,2,1,103501.0
refat1_selectors,latencia,2,2,91652.7
refat1_selectors,latencia,2,3,86274.0
refat1_selectors,latencia,2,4,86054.3
refat1_selectors,latencia,2,5,85065.4
refat1_selectors,latencia,2,6,91892.5
refat1_selectors,latencia,2,7,91388.2
refat1_selectors,latencia,2,8,79103.6
refat1_selectors,latencia,2,9,75728.3
refat1_selectors,latencia,2,10,80630.7
refat2_threads,latencia,2,1,29372.8
refat2_threads,latencia,2,2,28670.7
refat2_threads,latencia,2,3,30134.6
refat2_threads,latencia,2,4,30927.5
refat2_threads,latencia,2,5,32657.1
refat2_threads,latencia,2,6,32305.7
refat2_threads,latencia,2,7,33752.3
refat2_threads,latencia,2,8,27158.2
refat2_threads,latencia,2,9,24573.3
refat2_threads,latencia,2,10,23077.7
refat3_asyncio,latencia,2,1,10828.5
refat3_asyncio,latencia,2,2,11223.0
refat3_asyncio,latencia,2,3,12449.4
refat3_asyncio,latencia,2,4,13491.7
refat3_asyncio,latencia,2,5,13733.6
refat3_asyncio,latencia,2,6,14208.0
refat3_asyncio,latencia,2,7,14150.5
refat3_asyncio,latencia,2,8,11909.7
refat3_asyncio,latencia,2,9,10369.3
refat3_asyncio,latencia,2,10,8928.6
base,latencia,4,1,50669.2
base,latencia,4,2,56068.0
base,latencia,4,3,61473.4
base,latencia,4,4,63491.0
base,latencia,4,5,67640.9
base,latencia,4,6,69040.4
base,latencia,4,7,68707.1
base,latencia,4,8,71088.8
base,latencia,4,9,71390.6
base,latencia,4,10,71426.2
refat1_selectors,latencia,4,1,102150.0
refat1_selectors,latencia,4,2,99229.9
refat1_selectors,latencia,4,3,92413.6
refat1_selectors,latencia,4,4,70418.5
refat1_selectors,latencia,4,5,66572.3
refat1_selectors,latencia,4,6,69977.8
refat1_selectors,latencia,4,7,77616.1
refat1_selectors,latencia,4,8,85121.8
refat1_selectors,latencia,4,9,95668.3
refat1_selectors,latencia,4,10,104996.3
refat2_threads,latencia,4,1,12802.2
refat2_threads,latencia,4,2,11857.7
refat2_threads,latencia,4,3,11687.8
refat2_threads,latencia,4,4,11871.7
refat2_threads,latencia,4,5,12029.7
refat2_threads,latencia,4,6,11606.9
refat2_threads,latencia,4,7,11175.9
refat2_threads,latencia,4,8,11665.1
refat2_threads,latencia,4,9,11269.3
refat2_threads,latencia,4,10,10890.7
refat3_asyncio,latencia,4,1,13166.1
refat3_asyncio,latencia,4,2,14462.1
refat3_asyncio,latencia,4,3,15655.8
refat3_asyncio,latencia,4,4,17208.5
refat3_asyncio,latencia,4,5,18643.3
refat3_asyncio,latencia,4,6,18926.1
refat3_asyncio,latencia,4,7,18584.7
refat3_asyncio,latencia,4,8,18740.3
refat3_asyncio,latencia,4,9,17230.1
refat3_asyncio,latencia,4,10,16472.6
base,latencia,5,1,93584.2
base,latencia,5,2,94602.5
base,latencia,5,3,94824.9
base,latencia,5,4,94415.2
base,latencia,5,5,96414.9
base,latencia,5,6,95991.8
base,latencia,5,7,96486.0
base,latencia,5,8,99698.3
base,latencia,5,9,94678.0
base,latencia,5,10,95033.5
refat1_selectors,latencia,5,1,120043.6
refat1_selectors,latencia,5,2,114529.3
refat1_selectors,latencia,5,3,110659.9
refat1_selectors,latencia,5,4,114252.2
refat1_selectors,latencia,5,5,120793.4
refat1_selectors,latencia,5,6,118361.8
refat1_selectors,latencia,5,7,120635.3
refat1_selectors,latencia,5,8,118386.0
refat1_selectors,latencia,5,9,114369.5
refat1_selectors,latencia,5,10,118941.0
refat2_threads,latencia,5,1,11691.1
refat2_threads,latencia,5,2,11125.7
refat2_threads,latencia,5,3,10668.1
refat2_threads,latencia,5,4,10065.0
refat2_threads,latencia,5,5,10093.7
refat2_threads,latencia,5,6,9315.2
refat2_threads,latencia,5,7,8614.0
refat2_threads,latencia,5,8,8137.1
refat2_threads,latencia,5,9,8175.6
refat2_threads,latencia,5,10,8342.8
refat3_asyncio,latencia,5,1,14404.4
refat3_asyncio,latencia,5,2,15357.8
refat3_asyncio,latencia,5,3,17091.1
refat3_asyncio,latencia,5,4,18619.4
refat3_asyncio,latencia,5,5,20259.2
refat3_asyncio,latencia,5,6,20426.0
refat3_asyncio,latencia,5,7,19505.6
refat3_asyncio,latencia,5,8,20340.9
refat3_asyncio,latencia,5,9,20814.0
refat3_asyncio,latencia,5,10,20596.5
base,latencia,6,1,103568.9
base,latencia,6,2,101034.2
base,latencia,6,3,102659.3
base,latencia,6,4,98526.6
base,latencia,6,5,100691.7
base,latencia,6,6,101851.7
base,latencia,6,7,101218.4
base,latencia,6,8,103278.7
base,latencia,6,9,105534.5
base,latencia,6,10,104587.0
refat1_selectors,latencia,6,1,130107.6
refat1_selectors,latencia,6,2,124081.4
refat1_selectors,latencia,6,3,123614.8
refat1_selectors,latencia,6,4,117110.1
refat1_selectors,latencia,6,5,113214.5
refat1_selectors,latencia,6,6,121834.5
refat1_selectors,latencia,6,7,121092.9
refat1_selectors,latencia,6,8,118015.7
refat1_selectors,latencia,6,9,114800.6
refat1_selectors,latencia,6,10,114832.6
refat2_threads,latencia,6,1,11092.6
refat2_threads,latencia,6,2,10913.5
refat2_threads,latencia,6,3,10131.9
refat2_threads,latencia,6,4,9666.8
refat2_threads,latencia,6,5,9443.8
refat2_threads,latencia,6,6,9182.8
refat2_threads,latencia,6,7,9551.1
refat2_threads,latencia,6,8,9459.3
refat2_threads,latencia,6,9,9613.6
refat2_threads,latencia,6,10,9560.2
refat3_asyncio,latencia,6,1,16454.8
refat3_asyncio,latencia,6,2,16857.1
refat3_asyncio,latencia,6,3,17650.8
refat3_asyncio,latencia,6,4,19014.6
refat3_asyncio,latencia,6,5,19063.8
refat3_asyncio,latencia,6,6,19257.9
refat3_asyncio,latencia,6,7,20180.1
refat3_asyncio,latencia,6,8,20777.8
refat3_asyncio,latencia,6,9,20352.6
refat3_asyncio,latencia,6,10,20222.0
base,latencia,7,1,106427.3
base,latencia,7,2,104967.9
base,latencia,7,3,107127.9
base,latencia,7,4,106814.2
base,latencia,7,5,110876.8
base,latencia,7,6,109859.6
base,latencia,7,7,106416.8
base,latencia,7,8,110570.4
base,latencia,7,9,111191.8
base,latencia,7,10,106473.8
refat1_selectors,latencia,7,1,123549.4
refat1_selectors,latencia,7,2,121296.6
refat1_selectors,latencia,7,3,121227.9
refat1_selectors,latencia,7,4,122328.2
refat1_selectors,latencia,7,5,121455.8
refat1_selectors,latencia,7,6,124866.4
refat1_selectors,latencia,7,7,126106.1
refat1_selectors,latencia,7,8,124521.2
refat1_selectors,latencia,7,9,122727.7
refat1_selectors,latencia,7,10,122323.9
refat2_threads,latencia,7,1,11577.7
refat2_threads,latencia,7,2,11110.1
refat2_threads,latencia,7,3,10985.4
refat2_threads,latencia,7,4,10628.3
refat2_threads,latencia,7,5,9857.0
refat2_threads,latencia,7,6,9990.6
refat2_threads,latencia,7,7,9702.9
refat2_threads,latencia,7,8,9696.8
refat2_threads,latencia,7,9,9659.2
refat2_threads,latencia,7,10,9165.5
refat3_asyncio,latencia,7,1,15917.9
refat3_asyncio,latencia,7,2,17551.9
refat3_asyncio,latencia,7,3,19230.7
refat3_asyncio,latencia,7,4,19283.5
refat3_asyncio,latencia,7,5,20734.0
refat3_asyncio,latencia,7,6,20031.8
refat3_asyncio,latencia,7,7,19825.2
refat3_asyncio,latencia,7,8,19809.5
refat3_asyncio,latencia,7,9,20267.9
refat3_asyncio,latencia,7,10,20648.9
refat1_selectors,latencia,8,1,134867.6
refat1_selectors,latencia,8,2,129858.9
refat1_selectors,latencia,8,3,128551.9
refat1_selectors,latencia,8,4,122908.2
refat1_selectors,latencia,8,5,121284.1
refat1_selectors,latencia,8,6,125411.2
refat1_selectors,latencia,8,7,129838.3
refat1_selectors,latencia,8,8,128740.2
refat1_selectors,latencia,8,9,126924.8
refat1_selectors,latencia,8,10,124608.3
refat2_threads,latencia,8,1,11131.3
refat2_threads,latencia,8,2,11102.3
refat2_threads,latencia,8,3,10600.7
refat2_threads,latencia,8,4,10009.0
refat2_threads,latencia,8,5,9419.7
refat2_threads,latencia,8,6,9453.8
refat2_threads,latencia,8,7,9754.3
refat2_threads,latencia,8,8,9697.3
refat2_threads,latencia,8,9,9263.8
refat2_threads,latencia,8,10,9074.3
refat3_asyncio,latencia,8,1,16623.7
refat3_asyncio,latencia,8,2,18569.4
refat3_asyncio,latencia,8,3,19883.6
refat3_asyncio,latencia,8,4,20279.9
refat3_asyncio,latencia,8,5,21128.8
refat3_asyncio,latencia,8,6,21551.3
refat3_asyncio,latencia,8,7,21186.6
refat3_asyncio,latencia,8,8,21564.2
refat3_asyncio,latencia,8,9,20769.0
refat3_asyncio,latencia,8,10,20893.1
refat1_selectors,latencia,16,1,128581.6
refat1_selectors,latencia,16,2,129658.6
refat1_selectors,latencia,16,3,125878.9
refat1_selectors,latencia,16,4,128124.9
refat1_selectors,latencia,16,5,126202.8
refat1_selectors,latencia,16,6,124594.9
refat1_selectors,latencia,16,7,118882.1
refat1_selectors,latencia,16,8,123884.4
refat1_selectors,latencia,16,9,126391.6
refat1_selectors,latencia,16,10,124855.7
refat2_threads,latencia,16,1,11229.1
refat2_threads,latencia,16,2,8722.3
refat2_threads,latencia,16,3,8393.6
refat2_threads,latencia,16,4,8377.8
refat2_threads,latencia,16,5,8352.7
refat2_threads,latencia,16,6,8959.1
refat2_threads,latencia,16,7,9172.4
refat2_threads,latencia,16,8,9389.2
refat2_threads,latencia,16,9,9063.4
refat2_threads,latencia,16,10,8442.6
refat3_asyncio,latencia,16,1,15622.0
refat3_asyncio,latencia,16,2,17610.7
refat3_asyncio,latencia,16,3,19805.4
refat3_asyncio,latencia,16,4,21776.0
refat3_asyncio,latencia,16,5,22049.9
refat3_asyncio,latencia,16,6,21665.3
refat3_asyncio,latencia,16,7,22503.3
refat3_asyncio,latencia,16,8,21793.0
refat3_asyncio,latencia,16,9,21449.6
refat3_asyncio,latencia,16,10,21859.7
base,throughput,7,1,45906.8
base,throughput,7,2,47612.5
base,throughput,7,3,46822.9
base,throughput,7,4,46905.4
base,throughput,7,5,47897.7
base,throughput,7,6,48596.5
base,throughput,7,7,47840.2
base,throughput,7,8,45741.8
base,throughput,7,9,45614.2
base,throughput,7,10,47896.0
refat1_selectors,throughput,7,1,1042583.5
refat1_selectors,throughput,7,2,988925.7
refat1_selectors,throughput,7,3,953528.8
refat1_selectors,throughput,7,4,986846.8
refat1_selectors,throughput,7,5,997795.8
refat1_selectors,throughput,7,6,987239.3
refat1_selectors,throughput,7,7,995796.9
refat1_selectors,throughput,7,8,1000730.3
refat1_selectors,throughput,7,9,1033030.4
refat1_selectors,throughput,7,10,1008720.7
refat2_threads,throughput,7,1,1027265.8
refat2_threads,throughput,7,2,1057730.1
refat2_threads,throughput,7,3,1064059.4
refat2_threads,throughput,7,4,1050080.7
refat2_threads,throughput,7,5,1054247.0
refat2_threads,throughput,7,6,1057642.7
refat2_threads,throughput,7,7,957044.9
refat2_threads,throughput,7,8,891181.2
refat2_threads,throughput,7,9,941121.1
refat2_threads,throughput,7,10,941430.9
refat3_asyncio,throughput,7,1,870015.8
refat3_asyncio,throughput,7,2,909261.7
refat3_asyncio,throughput,7,3,934654.0
refat3_asyncio,throughput,7,4,927635.5
refat3_asyncio,throughput,7,5,928596.0
refat3_asyncio,throughput,7,6,939728.4
refat3_asyncio,throughput,7,7,930653.0
refat3_asyncio,throughput,7,8,943458.3
refat3_asyncio,throughput,7,9,948902.6
refat3_asyncio,throughput,7,10,942078.7
refat1_selectors,throughput,8,1,1074516.2
refat1_selectors,throughput,8,2,1074026.4
refat1_selectors,throughput,8,3,1085446.4
refat1_selectors,throughput,8,4,1035761.1
refat1_selectors,throughput,8,5,1077516.2
refat1_selectors,throughput,8,6,1065597.1
refat1_selectors,throughput,8,7,1044135.8
refat1_selectors,throughput,8,8,1068434.6
refat1_selectors,throughput,8,9,1095621.0
refat1_selectors,throughput,8,10,1073528.8
refat2_threads,throughput,8,1,1098117.0
refat2_threads,throughput,8,2,1129422.1
refat2_threads,throughput,8,3,1115841.1
refat2_threads,throughput,8,4,1095759.4
refat2_threads,throughput,8,5,1109473.5
refat2_threads,throughput,8,6,1081057.6
refat2_threads,throughput,8,7,1074129.8
refat2_threads,throughput,8,8,1101047.8
refat2_threads,throughput,8,9,1097388.1
refat2_threads,throughput,8,10,1062991.4
refat3_asyncio,throughput,8,1,975800.1
refat3_asyncio,throughput,8,2,947443.9
refat3_asyncio,throughput,8,3,946194.6
refat3_asyncio,throughput,8,4,983018.4
refat3_asyncio,throughput,8,5,963102.1
refat3_asyncio,throughput,8,6,967092.5
refat3_asyncio,throughput,8,7,998049.4
refat3_asyncio,throughput,8,8,1004458.4
refat3_asyncio,throughput,8,9,961591.9
refat3_asyncio,throughput,8,10,964166.5
