controlador,modo,switches,status,resp_s_media,resp_s_dp,resp_s_min,resp_s_max,cpu_media,cpu_max,erro
base,latencia,1,ok,30292.3,1164.0,28080.0,31895.7,33.4,40.0,
refat1_selectors,latencia,1,ok,28965.1,1288.3,26228.1,30464.5,57.0,69.9,
refat2_threads,latencia,1,ok,19647.0,1270.5,18242.3,21867.4,45.8,59.9,
refat3_asyncio,latencia,1,ok,11772.0,1413.7,9276.3,13577.5,94.6,97.9,
base,latencia,2,ok,44059.8,4260.9,39257.5,52741.8,53.7,63.9,
refat1_selectors,latencia,2,ok,85309.9,5520.4,75728.3,91892.5,92.1,95.9,
refat2_threads,latencia,2,ok,29250.8,3488.0,23077.7,33752.3,82.1,109.9,
refat3_asyncio,latencia,2,ok,12273.8,1730.8,8928.6,14208.0,96.9,99.9,
base,latencia,4,ok,66702.9,4996.1,56068.0,71426.2,77.9,87.9,
refat1_selectors,latencia,4,ok,84668.3,13343.9,66572.3,104996.3,94.8,99.9,
refat2_threads,latencia,4,ok,11561.6,352.1,10890.7,12029.7,146.3,151.9,
refat3_asyncio,latencia,4,ok,17324.8,1476.6,14462.1,18926.1,98.1,101.9,
base,latencia,5,ok,95793.9,1571.7,94415.2,99698.3,82.3,91.9,
refat1_selectors,latencia,5,ok,116769.8,3256.5,110659.9,120793.4,96.0,99.9,
refat2_threads,latencia,5,ok,9393.0,1072.2,8137.1,11125.7,151.2,157.9,
refat3_asyncio,latencia,5,ok,19223.4,1767.5,15357.8,20814.0,98.5,101.9,
base,latencia,6,ok,102153.6,2010.7,98526.6,105534.5,83.8,89.9,
refat1_selectors,latencia,6,ok,118733.0,3828.3,113214.5,124081.4,96.5,99.9,
refat2_threads,latencia,6,ok,9724.8,482.5,9182.8,10913.5,153.4,159.8,
refat3_asyncio,latencia,6,ok,19264.1,1235.2,16857.1,20777.8,98.5,101.9,
base,latencia,7,ok,108255.4,2214.5,104967.9,111191.8,86.8,95.9,
refat1_selectors,latencia,7,ok,122983.7,1661.8,121227.9,126106.1,96.7,101.9,
refat2_threads,latencia,7,ok,10088.4,627.2,9165.5,11110.1,153.4,163.9,
refat3_asyncio,latencia,7,ok,19709.3,909.0,17551.9,20734.0,98.2,101.9,
base,latencia,8,falha,nan,nan,nan,nan,100.2,101.9,make_tcp_connection: connect: Operation now in progress
refat1_selectors,latencia,8,ok,126458.4,2919.1,121284.1,129858.9,97.4,101.9,
refat2_threads,latencia,8,ok,9819.5,620.8,9074.3,11102.3,154.0,159.9,
refat3_asyncio,latencia,8,ok,20647.3,900.1,18569.4,21564.2,98.7,101.9,
base,latencia,16,falha,nan,nan,nan,nan,99.9,99.9,make_tcp_connection: connect: Operation now in progress
refat1_selectors,latencia,16,ok,125386.0,2850.8,118882.1,129658.6,97.7,101.9,
refat2_threads,latencia,16,ok,8763.7,372.1,8352.7,9389.2,155.7,169.8,
refat3_asyncio,latencia,16,ok,21168.1,1439.0,17610.7,22503.3,99.0,101.9,
base,throughput,7,ok,47214.1,964.3,45614.2,48596.5,99.8,101.9,
refat1_selectors,throughput,7,ok,994735.0,19884.9,953528.8,1033030.4,100.0,101.9,
refat2_threads,throughput,7,ok,1001615.3,63918.4,891181.2,1064059.4,104.7,107.9,
refat3_asyncio,throughput,7,ok,933885.4,11069.6,909261.7,948902.6,99.9,101.9,
base,throughput,8,falha,nan,nan,nan,nan,99.9,99.9,make_tcp_connection: connect: Operation now in progress
refat1_selectors,throughput,8,ok,1068896.4,17739.8,1035761.2,1095621.0,100.0,101.9,
refat2_threads,throughput,8,ok,1096345.6,19747.8,1062991.4,1129422.1,104.6,107.9,
refat3_asyncio,throughput,8,ok,970568.6,19370.5,946194.6,1004458.4,99.9,101.9,
